Date,Site,Treatment,Species,Total Length (mm),Standard Length (mm),Additional Info,Trap number,Pairing,Order,Sex,
7/21/2016,Sol Legare,No_mussels,Fundulus heteroclitus,44,36,,1,X,1,,
7/21/2016,Sol Legare,No_mussels,Litopenaeus setiferus,39,,,1,X,1,,
7/21/2016,Sol Legare,No_mussels,Bairdiella chrysoura,70,56,,1,X,1,,
7/21/2016,Sol Legare,No_mussels,Litopenaeus setiferus,53,,,1,X,1,,
7/21/2016,Sol Legare,No_mussels,Fundulus heteroclitus,32,25,,1,X,1,,
7/21/2016,Sol Legare,No_mussels,Litopenaeus setiferus,55,,,1,X,1,,
7/21/2016,Sol Legare,No_mussels,Litopenaeus setiferus,44,,,1,X,1,,
7/21/2016,Sol Legare,No_mussels,Litopenaeus setiferus,55,,,1,X,1,,
7/21/2016,Sol Legare,No_mussels,Fundulus heteroclitus,46,35,,1,X,1,,
7/21/2016,Sol Legare,No_mussels,Litopenaeus setiferus,30,,,1,X,1,,
7/21/2016,Sol Legare,No_mussels,Fundulus heteroclitus,29,25,Voucher,1,X,1,,
7/21/2016,Sol Legare,No_mussels,Fundulus heteroclitus,25,,"Dropped, length estimated",1,X,1,,
7/21/2016,Sol Legare,No_mussels,Fundulus heteroclitus,33,22,,1,X,1,,
7/21/2016,Sol Legare,No_mussels,Fundulus heteroclitus,23,18,,1,X,1,,
7/21/2016,Sol Legare,No_mussels,Fundulus heteroclitus,45,,"Dropped, length estimated",1,X,1,,
7/21/2016,Sol Legare,No_mussels,Fundulus heteroclitus,32,27,,1,X,1,,
7/21/2016,Sol Legare,Mussels,Fundulus heteroclitus,45,35,,3,X,2,,
7/21/2016,Sol Legare,Mussels,Fundulus heteroclitus,36,28,,3,X,2,,
7/21/2016,Sol Legare,Mussels,Fundulus heteroclitus,35,26,,3,X,2,,
7/21/2016,Sol Legare,Mussels,Fundulus heteroclitus,36,27,,3,X,2,,
7/21/2016,Sol Legare,Mussels,Fundulus heteroclitus,38,31,,3,X,2,,
7/21/2016,Sol Legare,Mussels,Fundulus heteroclitus,26,20,,3,X,2,,
7/21/2016,Sol Legare,Mussels,Fundulus heteroclitus,30,24,,3,X,2,,
7/21/2016,Sol Legare,Mussels,Fundulus heteroclitus,30,23,,3,X,2,,
7/21/2016,Sol Legare,Mussels,Fundulus heteroclitus,33,26,,3,X,2,,
7/21/2016,Sol Legare,Mussels,Fundulus heteroclitus,53,44,,3,X,2,,
7/21/2016,Sol Legare,Mussels,Fundulus heteroclitus,43,35,,3,X,2,,
7/21/2016,Sol Legare,Mussels,Fundulus heteroclitus,30,24,,3,X,2,,
7/21/2016,Sol Legare,Mussels,Fundulus heteroclitus,47,40,,3,X,2,,
7/21/2016,Sol Legare,Mussels,Fundulus heteroclitus,31,25,,3,X,2,,
7/21/2016,Sol Legare,Mussels,Fundulus heteroclitus,28,23,,3,X,2,,
7/21/2016,Sol Legare,Mussels,Fundulus heteroclitus,37,28,,3,X,2,,
7/21/2016,Sol Legare,Mussels,Fundulus heteroclitus,34,28,,3,X,2,,
7/21/2016,Sol Legare,Mussels,Fundulus heteroclitus,28,21,,3,X,2,,
7/21/2016,Sol Legare,Mussels,Fundulus heteroclitus,36,28,,3,X,2,,
7/21/2016,Sol Legare,Mussels,Callinectes sapidus,52,,,3,X,2,,
7/21/2016,Sol Legare,Mussels,Fundulus heteroclitus,30,24,,3,X,2,,
7/21/2016,Sol Legare,Mussels,Fundulus heteroclitus,42,33,,3,X,2,,
7/21/2016,Sol Legare,Mussels,Fundulus heteroclitus,42,36,,3,X,2,,
7/21/2016,Sol Legare,Mussels,Callinectes sapidus,63,,,3,X,2,,
7/21/2016,Sol Legare,Mussels,Callinectes sapidus,72,,,3,X,2,,
7/21/2016,Sol Legare,Mussels,Litopenaeus setiferus,51,,,3,X,2,,
7/21/2016,Sol Legare,Mussels,Callinectes sapidus,40,,,3,X,2,,
8/4/2016,Sol Legare,Mussels,Fundulus heteroclitus,43,32,,1,X,3,,
8/4/2016,Sol Legare,Mussels,Fundulus heteroclitus,29,23,,1,X,3,,
8/4/2016,Sol Legare,Mussels,Litopenaeus setiferus,64,,,1,X,3,,
8/4/2016,Sol Legare,Mussels,Fundulus heteroclitus,30,24,,1,X,3,,
8/4/2016,Sol Legare,Mussels,Fundulus heteroclitus,31,27,,1,X,3,,
8/4/2016,Sol Legare,Mussels,Fundulus heteroclitus,41,33,,1,X,3,,
8/4/2016,Sol Legare,Mussels,Fundulus heteroclitus,29,23,,1,X,3,,
8/4/2016,Sol Legare,Mussels,Fundulus heteroclitus,33,26,,1,X,3,,
8/4/2016,Sol Legare,Mussels,Fundulus heteroclitus,46,35,,1,X,3,,
8/4/2016,Sol Legare,Mussels,Fundulus heteroclitus,35,27,,1,X,3,,
8/4/2016,Sol Legare,Mussels,Fundulus heteroclitus,26,22,,1,X,3,,
8/4/2016,Sol Legare,Mussels,Fundulus heteroclitus,36,30,,1,X,3,,
8/4/2016,Sol Legare,Mussels,Fundulus heteroclitus,25,20,,1,X,3,,
8/4/2016,Sol Legare,Mussels,Fundulus heteroclitus,40,,"Dropped, length estimated",1,X,3,,
8/4/2016,Sol Legare,Mussels,Fundulus heteroclitus,34,27,,1,X,3,,
8/4/2016,Sol Legare,Mussels,Fundulus heteroclitus,29,24,,1,X,3,,
8/4/2016,Sol Legare,Mussels,Fundulus heteroclitus,29,23,,1,X,3,,
8/4/2016,Sol Legare,Mussels,Fundulus heteroclitus,30,25,,1,X,3,,
8/4/2016,Sol Legare,Mussels,Fundulus heteroclitus,46,37,,1,X,3,,
8/4/2016,Sol Legare,Mussels,Fundulus heteroclitus,45,35,,1,X,3,,
8/4/2016,Sol Legare,Mussels,Fundulus heteroclitus,32,27,,1,X,3,,
8/4/2016,Sol Legare,Mussels,Fundulus heteroclitus,34,27,,1,X,3,,
8/4/2016,Sol Legare,Mussels,Fundulus heteroclitus,35,26,,1,X,3,,
8/4/2016,Sol Legare,Mussels,Fundulus heteroclitus,34,28,,1,X,3,,
8/4/2016,Sol Legare,Mussels,Fundulus heteroclitus,33,26,,1,X,3,,
8/4/2016,Sol Legare,Mussels,Fundulus heteroclitus,33,27,,1,X,3,,
8/4/2016,Sol Legare,Mussels,Fundulus heteroclitus,30,25,,1,X,3,,
8/4/2016,Sol Legare,Mussels,Fundulus heteroclitus,25,20,,1,X,3,,
8/4/2016,Sol Legare,Mussels,Fundulus heteroclitus,36,29,,1,X,3,,
8/4/2016,Sol Legare,Mussels,Litopenaeus setiferus,55,,,1,X,3,,
8/4/2016,Sol Legare,Mussels,Fundulus heteroclitus,40,32,,1,X,3,,
8/4/2016,Sol Legare,Mussels,Fundulus heteroclitus,35,30,,1,X,3,,
8/4/2016,Sol Legare,Mussels,Fundulus heteroclitus,37,30,,1,X,3,,
8/4/2016,Sol Legare,Mussels,Fundulus heteroclitus,23,19,,1,X,3,,
8/4/2016,Sol Legare,Mussels,Fundulus heteroclitus,20,15,Slipped through dip net - minimum size?,1,X,3,,
8/4/2016,Sol Legare,Mussels,Fundulus heteroclitus,41,33,,1,X,3,,
8/4/2016,Sol Legare,Mussels,Callinectes sapidus,65,,,1,X,3,,
8/4/2016,Sol Legare,Mussels,Fundulus luciae,28,23,Voucher,1,X,3,,
8/4/2016,Sol Legare,No_mussels,Fundulus heteroclitus,30,23,,3,X,4,,
8/4/2016,Sol Legare,No_mussels,Fundulus heteroclitus,38,32,,3,X,4,,
8/4/2016,Sol Legare,No_mussels,Fundulus heteroclitus,44,37,,3,X,4,,
8/4/2016,Sol Legare,No_mussels,Fundulus heteroclitus,30,,"Dropped, length estimated",3,X,4,,
8/4/2016,Sol Legare,No_mussels,Fundulus heteroclitus,27,22,,3,X,4,,
8/4/2016,Sol Legare,No_mussels,Litopenaeus setiferus,49,,,3,X,4,,
8/4/2016,Sol Legare,No_mussels,Litopenaeus setiferus,70,,,3,X,4,,
8/4/2016,Sol Legare,No_mussels,Litopenaeus setiferus,52,,,3,X,4,,
8/4/2016,Sol Legare,Mussels,Fundulus heteroclitus,40,,"Dropped, length estimated",4,Y,5,,
8/4/2016,Sol Legare,Mussels,Fundulus heteroclitus,45,35,,4,Y,5,,
8/4/2016,Sol Legare,Mussels,Litopenaeus setiferus,49,,,4,Y,5,,
8/4/2016,Sol Legare,Mussels,Fundulus heteroclitus,29,23,,4,Y,5,,
8/4/2016,Sol Legare,Mussels,Fundulus heteroclitus,34,28,,4,Y,5,,
8/4/2016,Sol Legare,Mussels,Fundulus heteroclitus,37,30,,4,Y,5,,
8/4/2016,Sol Legare,Mussels,Fundulus heteroclitus,55,45,,4,Y,5,,
8/4/2016,Sol Legare,Mussels,Litopenaeus setiferus,52,,,4,Y,5,,
8/4/2016,Sol Legare,Mussels,Palaemonetes pugio,21,,,4,Y,5,,
8/4/2016,Sol Legare,No_mussels,Fundulus heteroclitus,26,20,,2,Y,6,,
8/4/2016,Sol Legare,No_mussels,Fundulus heteroclitus,43,35,,2,Y,6,,
8/4/2016,Sol Legare,No_mussels,Litopenaeus setiferus,53,,,2,Y,6,,
8/4/2016,Sol Legare,No_mussels,Callinectes sapidus,32,,,2,Y,6,,
8/4/2016,Sol Legare,No_mussels,Litopenaeus setiferus,60,,,2,Y,6,,
8/4/2016,Sol Legare,No_mussels,Litopenaeus setiferus,54,,,2,Y,6,,
8/4/2016,Sol Legare,No_mussels,Palaemonetes pugio,26,,,2,Y,6,,
8/4/2016,Sol Legare,No_mussels,Palaemonetes pugio,18,,,2,Y,6,,
8/4/2016,Sol Legare,No_mussels,Palaemonetes pugio,20,,,2,Y,6,,
8/4/2016,Sol Legare,No_mussels,Palaemonetes pugio,21,,,2,Y,6,,
8/4/2016,Sol Legare,No_mussels,Palaemonetes pugio,27,,,2,Y,6,,
8/9/2016,Sol Legare,Mussels,Fundulus heteroclitus,30,24,,4,X,7,,
8/9/2016,Sol Legare,Mussels,Fundulus heteroclitus,37,30,,4,X,7,,
8/9/2016,Sol Legare,Mussels,Fundulus heteroclitus,35,28,,4,X,7,,
8/9/2016,Sol Legare,Mussels,Fundulus heteroclitus,35,29,,4,X,7,,
8/9/2016,Sol Legare,Mussels,Fundulus heteroclitus,50,43,,4,X,7,,
8/9/2016,Sol Legare,Mussels,Fundulus heteroclitus,42,34,,4,X,7,,
8/9/2016,Sol Legare,Mussels,Callinectes sapidus,49,,,4,X,7,,
8/9/2016,Sol Legare,No_mussels,Fundulus heteroclitus,23,18,,1,X,8,,
8/9/2016,Sol Legare,No_mussels,Fundulus heteroclitus,24,19,,1,X,8,,
8/9/2016,Sol Legare,No_mussels,Fundulus heteroclitus,21,16,,1,X,8,,
8/9/2016,Sol Legare,No_mussels,Fundulus heteroclitus,30,23,,1,X,8,,
8/9/2016,Sol Legare,No_mussels,Palaemonetes pugio,15,,,1,X,8,,
8/9/2016,Sol Legare,Mussels,Callinectes sapidus,43,,,2,Y,9,,
8/9/2016,Sol Legare,Mussels,Fundulus heteroclitus,27,23,,2,Y,9,,
8/9/2016,Sol Legare,Mussels,Fundulus heteroclitus,27,22,,2,Y,9,,
8/9/2016,Sol Legare,Mussels,Fundulus heteroclitus,31,25,,2,Y,9,,
8/9/2016,Sol Legare,Mussels,Fundulus heteroclitus,34,28,,2,Y,9,,
8/9/2016,Sol Legare,Mussels,Callinectes sapidus,70,,,2,Y,9,,
8/9/2016,Sol Legare,Mussels,Callinectes sapidus,60,,,2,Y,9,,
8/9/2016,Sol Legare,No_mussels,Callinectes sapidus,50,,"Dropped, length estimated",3,Y,10,,
8/9/2016,Sol Legare,No_mussels,Callinectes sapidus,53,,,3,Y,10,,
8/24/2016,Sol Legare,No_mussels,Fundulus heteroclitus,30,25,,1,X,12,,
8/24/2016,Sol Legare,Mussels,Fundulus heteroclitus,37,30,,3,Y,13,,
8/24/2016,Sol Legare,Mussels,Fundulus heteroclitus,26,22,,3,Y,13,,
8/24/2016,Sol Legare,Mussels,Fundulus heteroclitus,33,26,,3,Y,13,,
8/24/2016,Sol Legare,Mussels,Callinectes sapidus,22,,,3,Y,13,,
8/24/2016,Sol Legare,Mussels,Fundulus heteroclitus,44,35,,3,Y,13,,
8/24/2016,Sol Legare,Mussels,Litopenaeus setiferus,60,,,3,Y,13,,
8/24/2016,Sol Legare,Mussels,Fundulus heteroclitus,45,36,,3,Y,13,,
8/24/2016,Sol Legare,Mussels,Fundulus heteroclitus,35,29,,3,Y,13,,
8/24/2016,Sol Legare,Mussels,Fundulus heteroclitus,34,27,,3,Y,13,,
8/24/2016,Sol Legare,Mussels,Fundulus heteroclitus,45,39,,3,Y,13,,
8/24/2016,Sol Legare,Mussels,Fundulus heteroclitus,25,20,,3,Y,13,,
8/24/2016,Sol Legare,Mussels,Callinectes sapidus,19,,,3,Y,13,,
8/24/2016,Sol Legare,Mussels,Litopenaeus setiferus,57,,,3,Y,13,,
8/24/2016,Sol Legare,Mussels,Callinectes sapidus,86,,,3,Y,13,Male,
8/24/2016,Sol Legare,Mussels,Fundulus heteroclitus,39,32,,3,Y,13,,
8/24/2016,Sol Legare,Mussels,Fundulus heteroclitus,28,24,,3,Y,13,,
8/24/2016,Sol Legare,Mussels,Fundulus heteroclitus,23,19,,3,Y,13,,
8/24/2016,Sol Legare,Mussels,Palaemonetes pugio,17,,,3,Y,13,,
8/24/2016,Sol Legare,Mussels,Palaemonetes pugio,21,,,3,Y,13,,
8/24/2016,Sol Legare,Mussels,Palaemonetes pugio,25,,,3,Y,13,,
8/24/2016,Sol Legare,Mussels,Palaemonetes pugio,15,,,3,Y,13,,
8/24/2016,Sol Legare,Mussels,Palaemonetes pugio,21,,,3,Y,13,,
8/24/2016,Sol Legare,Mussels,Palaemonetes pugio,19,,,3,Y,13,,
8/24/2016,Sol Legare,Mussels,Palaemonetes pugio,21,,,3,Y,13,,
8/24/2016,Sol Legare,Mussels,Palaemonetes pugio,18,,,3,Y,13,,
8/24/2016,Sol Legare,No_mussels,Fundulus heteroclitus,37,27,,4,Y,14,,
8/24/2016,Sol Legare,No_mussels,Fundulus heteroclitus,27,21,,4,Y,14,,
8/24/2016,Sol Legare,No_mussels,Fundulus heteroclitus,36,29,,4,Y,14,,
8/24/2016,Sol Legare,No_mussels,Fundulus heteroclitus,26,22,,4,Y,14,,
8/24/2016,Sol Legare,No_mussels,Callinectes sapidus,35,,,4,Y,14,,
8/24/2016,Sol Legare,No_mussels,Fundulus heteroclitus,32,26,,4,Y,14,,
8/24/2016,Sol Legare,No_mussels,Fundulus heteroclitus,30,24,,4,Y,14,,
8/24/2016,Sol Legare,No_mussels,Fundulus heteroclitus,30,25,,4,Y,14,,
8/24/2016,Sol Legare,No_mussels,Fundulus heteroclitus,40,,"Dropped, length estimated",4,Y,14,,
8/24/2016,Sol Legare,No_mussels,Fundulus heteroclitus,27,21,,4,Y,14,,
8/24/2016,Sol Legare,No_mussels,Fundulus heteroclitus,29,22,,4,Y,14,,
8/24/2016,Sol Legare,No_mussels,Fundulus heteroclitus,30,25,,4,Y,14,,
8/24/2016,Sol Legare,No_mussels,Fundulus heteroclitus,34,27,,4,Y,14,,
8/24/2016,Sol Legare,No_mussels,Bairdiella chrysoura,84,69,,4,Y,14,,
8/24/2016,Sol Legare,No_mussels,Litopenaeus setiferus,42,,,4,Y,14,,
8/24/2016,Sol Legare,No_mussels,Litopenaeus setiferus,64,,,4,Y,14,,
8/24/2016,Sol Legare,No_mussels,Fundulus heteroclitus,27,22,,4,Y,14,,
8/24/2016,Sol Legare,No_mussels,Fundulus heteroclitus,25,21,,4,Y,14,,
8/24/2016,Sol Legare,No_mussels,Fundulus heteroclitus,23,19,,4,Y,14,,
8/24/2016,Sol Legare,No_mussels,Fundulus heteroclitus,26,21,,4,Y,14,,
8/24/2016,Sol Legare,No_mussels,Palaemonetes pugio,20,,,4,Y,14,,
8/24/2016,Sol Legare,No_mussels,Palaemonetes pugio,20,,,4,Y,14,,
8/25/2016,Sol Legare,Mussels,Palaemonetes vulgaris,21,,,1,X,15,,
8/25/2016,Sol Legare,Mussels,Fundulus heteroclitus,36,30,,1,X,15,,
8/25/2016,Sol Legare,Mussels,Litopenaeus setiferus,54,,,1,X,15,,
8/25/2016,Sol Legare,Mussels,Callinectes sapidus,28,,,1,X,15,,
8/25/2016,Sol Legare,Mussels,Fundulus heteroclitus,46,38,,1,X,15,,
8/25/2016,Sol Legare,Mussels,Fundulus heteroclitus,45,36,,1,X,15,,
8/25/2016,Sol Legare,Mussels,Fundulus heteroclitus,37,30,,1,X,15,,
8/25/2016,Sol Legare,Mussels,Litopenaeus setiferus,69,,,1,X,15,,
8/25/2016,Sol Legare,Mussels,Fundulus heteroclitus,39,33,,1,X,15,,
8/25/2016,Sol Legare,Mussels,Litopenaeus setiferus,40,,,1,X,15,,
8/25/2016,Sol Legare,Mussels,Fundulus heteroclitus,25,,"Dropped, length estimated",1,X,15,,
8/25/2016,Sol Legare,Mussels,Litopenaeus setiferus,65,,,1,X,15,,
8/25/2016,Sol Legare,Mussels,Fundulus heteroclitus,41,34,,1,X,15,,
8/25/2016,Sol Legare,Mussels,Fundulus heteroclitus,40,33,,1,X,15,,
8/25/2016,Sol Legare,Mussels,Fundulus heteroclitus,30,26,,1,X,15,,
8/25/2016,Sol Legare,Mussels,Fundulus heteroclitus,25,,"Dropped, length estimated",1,X,15,,
8/25/2016,Sol Legare,Mussels,Litopenaeus setiferus,62,,,1,X,15,,
8/25/2016,Sol Legare,Mussels,Fundulus heteroclitus,31,25,,1,X,15,,
8/25/2016,Sol Legare,No_mussels,Litopenaeus setiferus,57,,,4,X,16,,
8/25/2016,Sol Legare,No_mussels,Callinectes sapidus,33,,,4,X,16,,
8/25/2016,Sol Legare,No_mussels,Fundulus heteroclitus,40,33,,4,X,16,,
8/25/2016,Sol Legare,No_mussels,Litopenaeus setiferus,53,,,4,X,16,,
8/25/2016,Sol Legare,No_mussels,Fundulus heteroclitus,26,22,,4,X,16,,
8/25/2016,Sol Legare,No_mussels,Callinectes sapidus,29,,,4,X,16,,
8/25/2016,Sol Legare,No_mussels,Litopenaeus setiferus,57,,,4,X,16,,
8/25/2016,Sol Legare,No_mussels,Palaemonetes pugio,24,,,4,X,16,,
8/25/2016,Sol Legare,No_mussels,Palaemonetes pugio,17,,,4,X,16,,
8/25/2016,Sol Legare,No_mussels,Palaemonetes pugio,19,,,4,X,16,,
8/25/2016,Sol Legare,No_mussels,Palaemonetes pugio,15,,,4,X,16,,
8/25/2016,Sol Legare,No_mussels,Palaemonetes pugio,15,,,4,X,16,,
8/25/2016,Sol Legare,Mussels,Palaemonetes pugio,18,,,3,Y,17,,
8/25/2016,Sol Legare,Mussels,Palaemonetes pugio,14,,,3,Y,17,,
8/25/2016,Sol Legare,Mussels,Palaemonetes pugio,17,,,3,Y,17,,
8/25/2016,Sol Legare,Mussels,Litopenaeus setiferus,47,,,3,Y,17,,
8/25/2016,Sol Legare,Mussels,Fundulus heteroclitus,41,35,,3,Y,17,,
8/25/2016,Sol Legare,Mussels,Fundulus heteroclitus,40,34,,3,Y,17,,
8/25/2016,Sol Legare,Mussels,Fundulus heteroclitus,48,40,,3,Y,17,,
8/25/2016,Sol Legare,Mussels,Fundulus heteroclitus,29,24,,3,Y,17,,
8/25/2016,Sol Legare,Mussels,Fundulus heteroclitus,34,28,,3,Y,17,,
8/25/2016,Sol Legare,Mussels,Fundulus heteroclitus,32,25,,3,Y,17,,
8/25/2016,Sol Legare,Mussels,Litopenaeus setiferus,57,,,3,Y,17,,
8/25/2016,Sol Legare,Mussels,Fundulus heteroclitus,46,38,,3,Y,17,,
8/25/2016,Sol Legare,Mussels,Fundulus heteroclitus,32,32,,3,Y,17,,
8/25/2016,Sol Legare,Mussels,Litopenaeus setiferus,42,,,3,Y,17,,
8/25/2016,Sol Legare,Mussels,Litopenaeus setiferus,55,,,3,Y,17,,
8/25/2016,Sol Legare,Mussels,Litopenaeus setiferus,50,,,3,Y,17,,
8/25/2016,Sol Legare,Mussels,Fundulus heteroclitus,39,32,,3,Y,17,,
8/25/2016,Sol Legare,Mussels,Fundulus heteroclitus,35,29,,3,Y,17,,
8/25/2016,Sol Legare,Mussels,Callinectes sapidus,70,,,3,Y,17,,
8/25/2016,Sol Legare,No_mussels,Palaemonetes pugio,20,,,2,Y,18,,
8/25/2016,Sol Legare,No_mussels,Fundulus heteroclitus,47,41,,2,Y,18,,
8/25/2016,Sol Legare,No_mussels,Fundulus heteroclitus,45,38,,2,Y,18,,
8/25/2016,Sol Legare,No_mussels,Fundulus heteroclitus,38,31,,2,Y,18,,
8/25/2016,Sol Legare,No_mussels,Litopenaeus setiferus,60,,,2,Y,18,,
8/25/2016,Sol Legare,No_mussels,Litopenaeus setiferus,56,,,2,Y,18,,
8/25/2016,Sol Legare,No_mussels,Callinectes sapidus,35,,,2,Y,18,,
8/25/2016,Sol Legare,No_mussels,Litopenaeus setiferus,55,,,2,Y,18,,
8/25/2016,Sol Legare,No_mussels,Litopenaeus setiferus,58,,,2,Y,18,,
8/25/2016,Sol Legare,No_mussels,Fundulus heteroclitus,32,27,Either F. heteroclitus or F. luciae,2,Y,18,,
8/25/2016,Sol Legare,No_mussels,Litopenaeus setiferus,52,,,2,Y,18,,
9/7/2016,Sol Legare,Mussels,Callinectes sapidus,55,,"Weak tide 9/7 and 9/8, barely any caught",4,X,19,,
9/7/2016,Sol Legare,Mussels,Fundulus heteroclitus,30,24,,4,X,19,,
9/7/2016,Sol Legare,Mussels,Callinectes sapidus,106,,,4,X,19,Female,
9/7/2016,Sol Legare,No_mussels,Fundulus heteroclitus,29,24,,1,X,20,,
9/7/2016,Sol Legare,No_mussels,Callinectes sapidus,39,,,1,X,20,,
9/7/2016,Sol Legare,No_mussels,Fundulus heteroclitus,29,24,,1,X,20,,
9/7/2016,Sol Legare,No_mussels,Fundulus heteroclitus,32,26,,1,X,20,,
9/7/2016,Sol Legare,No_mussels,Fundulus heteroclitus,29,23,,1,X,20,,
9/7/2016,Sol Legare,No_mussels,Fundulus heteroclitus,31,25,,1,X,20,,
9/7/2016,Sol Legare,Mussels,Callinectes sapidus,36,,,3,Y,21,,
9/7/2016,Sol Legare,Mussels,Palaemonetes pugio,25,,,3,Y,21,,
9/7/2016,Sol Legare,Mussels,Palaemonetes pugio,15,,,3,Y,21,,
9/7/2016,Sol Legare,No_mussels,Fundulus heteroclitus,35,28,,2,Y,22,,
9/7/2016,Sol Legare,No_mussels,Litopenaeus setiferus,36,,,2,Y,22,,
9/7/2016,Sol Legare,No_mussels,Fundulus heteroclitus,25,20,,2,Y,22,,
9/8/2016,Sol Legare,Mussels,Fundulus heteroclitus,44,37,Net dropped poorly,3,X,23,,
9/8/2016,Sol Legare,Mussels,Palaemonetes pugio,17,,,3,X,23,,
9/8/2016,Sol Legare,No_mussels,Litopenaeus setiferus,49,,,1,X,24,,
9/8/2016,Sol Legare,No_mussels,Fundulus heteroclitus,43,35,,1,X,24,,
9/8/2016,Sol Legare,No_mussels,Fundulus heteroclitus,41,34,,1,X,24,,
9/8/2016,Sol Legare,No_mussels,Palaemonetes pugio,16,,,1,X,24,,
9/8/2016,Sol Legare,No_mussels,Palaemonetes pugio,17,,,1,X,24,,
9/8/2016,Sol Legare,No_mussels,Palaemonetes pugio,16,,,1,X,24,,
9/8/2016,Sol Legare,No_mussels,Palaemonetes pugio,15,,,1,X,24,,
9/8/2016,Sol Legare,No_mussels,Palaemonetes pugio,21,,,1,X,24,,
9/8/2016,Sol Legare,Mussels,Callinectes sapidus,46,,,4,Y,25,,
9/8/2016,Sol Legare,No_mussels,Palaemonetes pugio,20,,,2,Y,26,,
9/21/2016,Sol Legare,Mussels,Fundulus heteroclitus,44,35,,1,X,27,,
9/21/2016,Sol Legare,Mussels,Fundulus heteroclitus,46,37,,1,X,27,,
9/21/2016,Sol Legare,Mussels,Litopenaeus setiferus,69,,,1,X,27,,
9/21/2016,Sol Legare,Mussels,Litopenaeus setiferus,61,,,1,X,27,,
9/21/2016,Sol Legare,Mussels,Fundulus heteroclitus,34,27,,1,X,27,,
9/21/2016,Sol Legare,Mussels,Callinectes sapidus,58,,,1,X,27,,
9/21/2016,Sol Legare,Mussels,Fundulus heteroclitus,31,25,,1,X,27,,
9/21/2016,Sol Legare,Mussels,Litopenaeus setiferus,54,,,1,X,27,,
9/21/2016,Sol Legare,Mussels,Callinectes sapidus,59,,,1,X,27,,
9/21/2016,Sol Legare,Mussels,Palaemonetes pugio,20,,,1,X,27,,
9/21/2016,Sol Legare,Mussels,Palaemonetes pugio,19,,,1,X,27,,
9/21/2016,Sol Legare,Mussels,Palaemonetes pugio,16,,,1,X,27,,
9/21/2016,Sol Legare,Mussels,Palaemonetes pugio,16,,,1,X,27,,
9/21/2016,Sol Legare,Mussels,Palaemonetes pugio,21,,,1,X,27,,
9/21/2016,Sol Legare,Mussels,Palaemonetes pugio,23,,,1,X,27,,
9/21/2016,Sol Legare,Mussels,Palaemonetes pugio,18,,,1,X,27,,
9/21/2016,Sol Legare,Mussels,Palaemonetes pugio,13,,***Too small? Minimum size?,1,X,27,,
9/21/2016,Sol Legare,Mussels,Palaemonetes pugio,18,,,1,X,27,,
9/21/2016,Sol Legare,No_mussels,Litopenaeus setiferus,48,,,3,X,28,,
9/21/2016,Sol Legare,No_mussels,Litopenaeus setiferus,52,,,3,X,28,,
9/21/2016,Sol Legare,No_mussels,Callinectes sapidus,12,,,3,X,28,,
9/21/2016,Sol Legare,No_mussels,Fundulus heteroclitus,41,33,,3,X,28,,
9/21/2016,Sol Legare,No_mussels,Fundulus heteroclitus,49,39,,3,X,28,,
9/21/2016,Sol Legare,No_mussels,Fundulus heteroclitus,35,29,,3,X,28,,
9/21/2016,Sol Legare,No_mussels,Callinectes sapidus,15,,,3,X,28,,
9/21/2016,Sol Legare,No_mussels,Callinectes sapidus,15,,,3,X,28,,
9/21/2016,Sol Legare,No_mussels,Litopenaeus setiferus,38,,,3,X,28,,
9/21/2016,Sol Legare,No_mussels,Litopenaeus setiferus,59,,,3,X,28,,
9/21/2016,Sol Legare,No_mussels,Litopenaeus setiferus,61,,,3,X,28,,
9/21/2016,Sol Legare,No_mussels,Callinectes sapidus,5,,,3,X,28,,
9/21/2016,Sol Legare,No_mussels,Palaemonetes pugio,16,,,3,X,28,,
9/21/2016,Sol Legare,No_mussels,Palaemonetes pugio,19,,,3,X,28,,
9/21/2016,Sol Legare,No_mussels,Palaemonetes pugio,17,,,3,X,28,,
9/21/2016,Sol Legare,No_mussels,Palaemonetes pugio,17,,,3,X,28,,
9/21/2016,Sol Legare,No_mussels,Palaemonetes pugio,16,,,3,X,28,,
9/21/2016,Sol Legare,No_mussels,Palaemonetes pugio,18,,,3,X,28,,
9/21/2016,Sol Legare,No_mussels,Palaemonetes pugio,17,,,3,X,28,,
9/21/2016,Sol Legare,No_mussels,Palaemonetes pugio,26,,,3,X,28,,
9/21/2016,Sol Legare,No_mussels,Palaemonetes pugio,22,,,3,X,28,,
9/21/2016,Sol Legare,Mussels,Fundulus heteroclitus,49,40,Net dropped poorly,2,Y,29,,
9/21/2016,Sol Legare,Mussels,Fundulus heteroclitus,42,34,,2,Y,29,,
9/21/2016,Sol Legare,Mussels,Callinectes sapidus,19,,,2,Y,29,,
9/21/2016,Sol Legare,Mussels,Callinectes sapidus,7,,,2,Y,29,,
9/21/2016,Sol Legare,Mussels,Litopenaeus setiferus,35,,,2,Y,29,,
9/21/2016,Sol Legare,Mussels,Litopenaeus setiferus,67,,,2,Y,29,,
9/21/2016,Sol Legare,Mussels,Callinectes sapidus,12,,,2,Y,29,,
9/21/2016,Sol Legare,Mussels,Litopenaeus setiferus,75,,,2,Y,29,,
9/21/2016,Sol Legare,Mussels,Callinectes sapidus,9,,,2,Y,29,,
9/21/2016,Sol Legare,Mussels,Fundulus heteroclitus,35,29,,2,Y,29,,
9/21/2016,Sol Legare,Mussels,Palaemonetes pugio,15,,,2,Y,29,,
9/21/2016,Sol Legare,Mussels,Palaemonetes pugio,23,,,2,Y,29,,
9/21/2016,Sol Legare,Mussels,Palaemonetes pugio,18,,,2,Y,29,,
9/21/2016,Sol Legare,Mussels,Palaemonetes pugio,19,,,2,Y,29,,
9/21/2016,Sol Legare,Mussels,Palaemonetes pugio,18,,,2,Y,29,,
9/21/2016,Sol Legare,Mussels,Palaemonetes pugio,17,,,2,Y,29,,
9/21/2016,Sol Legare,Mussels,Palaemonetes pugio,18,,,2,Y,29,,
9/21/2016,Sol Legare,Mussels,Palaemonetes pugio,17,,,2,Y,29,,
9/21/2016,Sol Legare,Mussels,Palaemonetes pugio,17,,,2,Y,29,,
9/21/2016,Sol Legare,Mussels,Palaemonetes pugio,23,,,2,Y,29,,
9/21/2016,Sol Legare,Mussels,Palaemonetes pugio,19,,,2,Y,29,,
9/21/2016,Sol Legare,Mussels,Palaemonetes pugio,18,,,2,Y,29,,
9/21/2016,Sol Legare,Mussels,Palaemonetes pugio,20,,,2,Y,29,,
9/21/2016,Sol Legare,Mussels,Palaemonetes pugio,20,,,2,Y,29,,
9/21/2016,Sol Legare,Mussels,Palaemonetes pugio,14,,,2,Y,29,,
9/21/2016,Sol Legare,Mussels,Palaemonetes pugio,15,,,2,Y,29,,
9/21/2016,Sol Legare,Mussels,Palaemonetes pugio,20,,,2,Y,29,,
9/21/2016,Sol Legare,Mussels,Palaemonetes pugio,13,,,2,Y,29,,
9/21/2016,Sol Legare,Mussels,Palaemonetes pugio,15,,,2,Y,29,,
9/21/2016,Sol Legare,Mussels,Palaemonetes pugio,16,,,2,Y,29,,
9/21/2016,Sol Legare,Mussels,Palaemonetes pugio,17,,,2,Y,29,,
9/21/2016,Sol Legare,Mussels,Palaemonetes pugio,17,,,2,Y,29,,
9/21/2016,Sol Legare,Mussels,Palaemonetes pugio,15,,,2,Y,29,,
9/21/2016,Sol Legare,Mussels,Palaemonetes pugio,14,,,2,Y,29,,
9/21/2016,Sol Legare,No_mussels,Fundulus heteroclitus,45,,"Dropped, length estimated",4,Y,30,,
9/21/2016,Sol Legare,No_mussels,Litopenaeus setiferus,44,,Net dropped poorly,4,Y,30,,
9/21/2016,Sol Legare,No_mussels,Callinectes sapidus,9,,,4,Y,30,,
9/21/2016,Sol Legare,No_mussels,Litopenaeus setiferus,50,,,4,Y,30,,
9/21/2016,Sol Legare,No_mussels,Litopenaeus setiferus,79,,,4,Y,30,,
9/21/2016,Sol Legare,No_mussels,Fundulus heteroclitus,28,22,,4,Y,30,,
9/21/2016,Sol Legare,No_mussels,Callinectes sapidus,10,,,4,Y,30,,
9/21/2016,Sol Legare,No_mussels,Litopenaeus setiferus,52,,,4,Y,30,,
9/21/2016,Sol Legare,No_mussels,Palaemonetes pugio,16,,,4,Y,30,,
9/21/2016,Sol Legare,No_mussels,Palaemonetes pugio,17,,,4,Y,30,,
9/21/2016,Sol Legare,No_mussels,Palaemonetes pugio,23,,,4,Y,30,,
9/21/2016,Sol Legare,No_mussels,Palaemonetes pugio,13,,,4,Y,30,,
9/21/2016,Sol Legare,No_mussels,Palaemonetes pugio,26,,,4,Y,30,,
9/21/2016,Sol Legare,No_mussels,Palaemonetes pugio,17,,,4,Y,30,,
9/21/2016,Sol Legare,No_mussels,Palaemonetes pugio,19,,,4,Y,30,,
9/21/2016,Sol Legare,No_mussels,Palaemonetes pugio,15,,,4,Y,30,,
9/21/2016,Sol Legare,No_mussels,Palaemonetes pugio,16,,,4,Y,30,,
9/21/2016,Sol Legare,No_mussels,Palaemonetes pugio,16,,,4,Y,30,,
9/21/2016,Sol Legare,No_mussels,Palaemonetes pugio,18,,,4,Y,30,,
9/21/2016,Sol Legare,No_mussels,Palaemonetes pugio,16,,,4,Y,30,,
9/22/2016,Sol Legare,Mussels,Fundulus heteroclitus,43,36,,2,X,31,,
9/22/2016,Sol Legare,Mussels,Fundulus heteroclitus,32,25,,2,X,31,,
9/22/2016,Sol Legare,Mussels,Fundulus heteroclitus,33,26,,2,X,31,,
9/22/2016,Sol Legare,Mussels,Fundulus heteroclitus,40,32,,2,X,31,,
9/22/2016,Sol Legare,Mussels,Litopenaeus setiferus,65,,,2,X,31,,
9/22/2016,Sol Legare,Mussels,Fundulus heteroclitus,28,23,,2,X,31,,
9/22/2016,Sol Legare,Mussels,Callinectes sapidus,69,,,2,X,31,,
9/22/2016,Sol Legare,No_mussels,Litopenaeus setiferus,67,,,4,X,32,,
9/22/2016,Sol Legare,No_mussels,Litopenaeus setiferus,51,,,4,X,32,,
9/22/2016,Sol Legare,No_mussels,Callinectes sapidus,11,,,4,X,32,,
9/22/2016,Sol Legare,No_mussels,Fundulus heteroclitus,33,27,,4,X,32,,
9/22/2016,Sol Legare,No_mussels,Callinectes sapidus,12,,,4,X,32,,
9/22/2016,Sol Legare,No_mussels,Fundulus heteroclitus,23,18,Minimum size? Slipped through,4,X,32,,
9/22/2016,Sol Legare,No_mussels,Callinectes sapidus,11,,,4,X,32,,
9/22/2016,Sol Legare,Mussels,Fundulus heteroclitus,39,32,,3,Y,33,,
9/22/2016,Sol Legare,Mussels,Fundulus heteroclitus,43,35,,3,Y,33,,
9/22/2016,Sol Legare,Mussels,Fundulus heteroclitus,46,37,,3,Y,33,,
9/22/2016,Sol Legare,Mussels,Callinectes sapidus,19,,,3,Y,33,,
9/22/2016,Sol Legare,Mussels,Callinectes sapidus,10,,,3,Y,33,,
9/22/2016,Sol Legare,Mussels,Litopenaeus setiferus,73,,,3,Y,33,,
9/22/2016,Sol Legare,Mussels,Palaemonetes pugio,19,,,3,Y,33,,
9/22/2016,Sol Legare,Mussels,Palaemonetes pugio,20,,,3,Y,33,,
9/22/2016,Sol Legare,No_mussels,Callinectes sapidus,10,,,1,Y,34,,
9/22/2016,Sol Legare,No_mussels,Fundulus heteroclitus,40,,"Dropped, length estimated",1,Y,34,,
9/22/2016,Sol Legare,No_mussels,Fundulus heteroclitus,52,42,,1,Y,34,,
9/22/2016,Sol Legare,No_mussels,Callinectes sapidus,13,,,1,Y,34,,
9/22/2016,Sol Legare,No_mussels,Callinectes sapidus,11,,,1,Y,34,,
9/22/2016,Sol Legare,No_mussels,Fundulus heteroclitus,27,21,Minimum size? Slipped through,1,Y,34,,
9/22/2016,Sol Legare,No_mussels,Fundulus heteroclitus,45,38,,1,Y,34,,
9/22/2016,Sol Legare,No_mussels,Fundulus heteroclitus,44,36,,1,Y,34,,
9/22/2016,Sol Legare,No_mussels,Fundulus heteroclitus,45,37,,1,Y,34,,
9/22/2016,Sol Legare,No_mussels,Callinectes sapidus,12,,,1,Y,34,,
9/22/2016,Sol Legare,No_mussels,Callinectes sapidus,11,,,1,Y,34,,
9/22/2016,Sol Legare,No_mussels,Palaemonetes pugio,11,,,1,Y,34,,
9/22/2016,Sol Legare,No_mussels,Palaemonetes pugio,10,,,1,Y,34,,
9/22/2016,Sol Legare,No_mussels,Palaemonetes pugio,14,,,1,Y,34,,
10/3/2016,Sol Legare,Mussels,Fundulus heteroclitus,35,29,,4,X,35,,
10/3/2016,Sol Legare,Mussels,Fundulus heteroclitus,21,17,,4,X,35,,
10/3/2016,Sol Legare,Mussels,Fundulus heteroclitus,33,29,,4,X,35,,
10/3/2016,Sol Legare,Mussels,Fundulus heteroclitus,33,,"Dropped, length estimated",4,X,35,,
10/3/2016,Sol Legare,Mussels,Fundulus heteroclitus,32,26,,4,X,35,,
10/3/2016,Sol Legare,Mussels,Fundulus heteroclitus,25,22,,4,X,35,,
10/3/2016,Sol Legare,Mussels,Fundulus heteroclitus,49,39,,4,X,35,,
10/3/2016,Sol Legare,Mussels,Litopenaeus setiferus,48,,,4,X,35,,
10/3/2016,Sol Legare,Mussels,Fundulus heteroclitus,34,27,,4,X,35,,
10/3/2016,Sol Legare,Mussels,Fundulus heteroclitus,49,40,,4,X,35,,
10/3/2016,Sol Legare,Mussels,Fundulus heteroclitus,47,38,,4,X,35,,
10/3/2016,Sol Legare,Mussels,Fundulus heteroclitus,30,26,,4,X,35,,
10/3/2016,Sol Legare,Mussels,Palaemonetes pugio,22,,,4,X,35,,
10/3/2016,Sol Legare,No_mussels,Fundulus heteroclitus,40,,"Dropped, length estimated",2,X,36,,
10/3/2016,Sol Legare,No_mussels,Callinectes sapidus,11,,,2,X,36,,
10/3/2016,Sol Legare,No_mussels,Fundulus heteroclitus,35,,"Dropped, length estimated",2,X,36,,
10/3/2016,Sol Legare,No_mussels,Callinectes sapidus,17,,,2,X,36,,
10/3/2016,Sol Legare,No_mussels,Fundulus heteroclitus,42,34,,2,X,36,,
10/3/2016,Sol Legare,No_mussels,Fundulus heteroclitus,41,33,,2,X,36,,
10/3/2016,Sol Legare,No_mussels,Fundulus heteroclitus,50,41,,2,X,36,,
10/3/2016,Sol Legare,No_mussels,Callinectes sapidus,14,,,2,X,36,,
10/3/2016,Sol Legare,No_mussels,Palaemonetes pugio,23,,,2,X,36,,
10/3/2016,Sol Legare,No_mussels,Palaemonetes pugio,18,,,2,X,36,,
10/3/2016,Sol Legare,No_mussels,Palaemonetes pugio,18,,,2,X,36,,
10/3/2016,Sol Legare,No_mussels,Palaemonetes pugio,21,,,2,X,36,,
10/3/2016,Sol Legare,No_mussels,Palaemonetes pugio,16,,,2,X,36,,
10/3/2016,Sol Legare,No_mussels,Palaemonetes pugio,21,,,2,X,36,,
10/3/2016,Sol Legare,No_mussels,Palaemonetes pugio,25,,,2,X,36,,
10/3/2016,Sol Legare,No_mussels,Palaemonetes pugio,18,,,2,X,36,,
10/3/2016,Sol Legare,No_mussels,Palaemonetes pugio,16,,,2,X,36,,
10/3/2016,Sol Legare,No_mussels,Palaemonetes pugio,18,,,2,X,36,,
10/3/2016,Sol Legare,Mussels,Fundulus heteroclitus,21,17,,1,Y,37,,
10/3/2016,Sol Legare,Mussels,Fundulus heteroclitus,24,19,,1,Y,37,,
10/3/2016,Sol Legare,Mussels,Fundulus heteroclitus,26,22,,1,Y,37,,
10/3/2016,Sol Legare,Mussels,Fundulus heteroclitus,26,21,,1,Y,37,,
10/3/2016,Sol Legare,Mussels,Fundulus heteroclitus,29,23,,1,Y,37,,
10/3/2016,Sol Legare,Mussels,Fundulus heteroclitus,37,29,,1,Y,37,,
10/3/2016,Sol Legare,Mussels,Fundulus heteroclitus,24,20,,1,Y,37,,
10/3/2016,Sol Legare,Mussels,Callinectes sapidus,82,,,1,Y,37,Male,
10/3/2016,Sol Legare,Mussels,Litopenaeus setiferus,61,,,1,Y,37,,
10/3/2016,Sol Legare,Mussels,Fundulus heteroclitus,40,33,,1,Y,37,,
10/3/2016,Sol Legare,Mussels,Fundulus luciae,30,24,,1,Y,37,,
10/3/2016,Sol Legare,Mussels,Callinectes sapidus,19,,,1,Y,37,,
10/3/2016,Sol Legare,Mussels,Litopenaeus setiferus,60,,Killed by blue crab,1,Y,37,,
10/3/2016,Sol Legare,Mussels,Fundulus heteroclitus,45,,"Killed by blue crab, length estimated",1,Y,37,,
10/3/2016,Sol Legare,Mussels,Palaemonetes pugio,20,,,1,Y,37,,
10/3/2016,Sol Legare,Mussels,Palaemonetes pugio,25,,,1,Y,37,,
10/3/2016,Sol Legare,Mussels,Palaemonetes pugio,17,,,1,Y,37,,
10/3/2016,Sol Legare,Mussels,Palaemonetes pugio,20,,,1,Y,37,,
10/3/2016,Sol Legare,Mussels,Palaemonetes pugio,16,,,1,Y,37,,
10/3/2016,Sol Legare,Mussels,Palaemonetes pugio,16,,,1,Y,37,,
10/3/2016,Sol Legare,Mussels,Palaemonetes pugio,16,,,1,Y,37,,
10/3/2016,Sol Legare,Mussels,Palaemonetes pugio,17,,,1,Y,37,,
10/3/2016,Sol Legare,Mussels,Palaemonetes pugio,20,,,1,Y,37,,
10/3/2016,Sol Legare,Mussels,Palaemonetes pugio,18,,,1,Y,37,,
10/3/2016,Sol Legare,Mussels,Palaemonetes pugio,25,,,1,Y,37,,
10/3/2016,Sol Legare,No_mussels,Fundulus heteroclitus,39,31,,3,Y,38,,
10/3/2016,Sol Legare,No_mussels,Fundulus heteroclitus,35,29,,3,Y,38,,
10/3/2016,Sol Legare,No_mussels,Fundulus heteroclitus,46,37,,3,Y,38,,
10/3/2016,Sol Legare,No_mussels,Fundulus heteroclitus,45,35,,3,Y,38,,
10/3/2016,Sol Legare,No_mussels,Fundulus heteroclitus,45,,"Dropped, length estimated",3,Y,38,,
10/3/2016,Sol Legare,No_mussels,Fundulus heteroclitus,40,34,,3,Y,38,,
10/3/2016,Sol Legare,No_mussels,Litopenaeus setiferus,48,,,3,Y,38,,
10/3/2016,Sol Legare,No_mussels,Callinectes sapidus,15,,,3,Y,38,,
10/3/2016,Sol Legare,No_mussels,Palaemonetes pugio,20,,,3,Y,38,,
10/3/2016,Sol Legare,No_mussels,Palaemonetes pugio,24,,,3,Y,38,,
10/3/2016,Sol Legare,No_mussels,Palaemonetes pugio,20,,,3,Y,38,,
10/21/2016,Sol Legare,Mussels,Fundulus heteroclitus,50,41,,4,X,39,,
10/21/2016,Sol Legare,Mussels,Palaemonetes pugio,17,,,4,X,39,,
10/21/2016,Sol Legare,Mussels,Palaemonetes pugio,18,,,4,X,39,,
10/21/2016,Sol Legare,Mussels,Palaemonetes pugio,19,,,4,X,39,,
10/21/2016,Sol Legare,Mussels,Palaemonetes pugio,15,,,4,X,39,,
10/21/2016,Sol Legare,No_mussels,Callinectes sapidus,8,,,1,X,40,,
10/21/2016,Sol Legare,No_mussels,Fundulus heteroclitus,48,40,,1,X,40,,
10/21/2016,Sol Legare,No_mussels,Callinectes sapidus,20,,,1,X,40,,
10/21/2016,Sol Legare,No_mussels,Callinectes sapidus,15,,,1,X,40,,
10/21/2016,Sol Legare,No_mussels,Callinectes sapidus,14,,,1,X,40,,
10/21/2016,Sol Legare,No_mussels,Gobiosoma bosc,33,28,,1,X,40,,
10/21/2016,Sol Legare,No_mussels,Litopenaeus setiferus,98,,,1,X,40,,
10/21/2016,Sol Legare,No_mussels,Fundulus heteroclitus,47,40,,1,X,40,,
10/21/2016,Sol Legare,No_mussels,Gobiosoma bosc,36,29,,1,X,40,,
10/21/2016,Sol Legare,No_mussels,Fundulus heteroclitus,47,40,,1,X,40,,
10/21/2016,Sol Legare,No_mussels,Palaemonetes pugio,18,,,1,X,40,,
10/21/2016,Sol Legare,No_mussels,Palaemonetes pugio,17,,,1,X,40,,
10/21/2016,Sol Legare,No_mussels,Palaemonetes pugio,22,,,1,X,40,,
10/21/2016,Sol Legare,No_mussels,Palaemonetes pugio,20,,,1,X,40,,
10/21/2016,Sol Legare,No_mussels,Palaemonetes pugio,16,,,1,X,40,,
10/21/2016,Sol Legare,No_mussels,Palaemonetes pugio,27,,,1,X,40,,
10/21/2016,Sol Legare,No_mussels,Palaemonetes pugio,19,,,1,X,40,,
10/21/2016,Sol Legare,No_mussels,Palaemonetes pugio,20,,,1,X,40,,
10/21/2016,Sol Legare,No_mussels,Palaemonetes pugio,17,,,1,X,40,,
10/21/2016,Sol Legare,No_mussels,Palaemonetes pugio,16,,,1,X,40,,
10/21/2016,Sol Legare,No_mussels,Palaemonetes pugio,24,,,1,X,40,,
10/21/2016,Sol Legare,No_mussels,Palaemonetes pugio,17,,,1,X,40,,
10/21/2016,Sol Legare,No_mussels,Palaemonetes pugio,17,,,1,X,40,,
10/21/2016,Sol Legare,No_mussels,Palaemonetes pugio,16,,,1,X,40,,
10/21/2016,Sol Legare,No_mussels,Palaemonetes pugio,20,,,1,X,40,,
10/21/2016,Sol Legare,No_mussels,Palaemonetes pugio,24,,,1,X,40,,
10/21/2016,Sol Legare,No_mussels,Palaemonetes pugio,16,,,1,X,40,,
10/21/2016,Sol Legare,No_mussels,Palaemonetes pugio,18,,,1,X,40,,
10/21/2016,Sol Legare,No_mussels,Palaemonetes pugio,17,,,1,X,40,,
10/21/2016,Sol Legare,No_mussels,Palaemonetes pugio,25,,,1,X,40,,
10/21/2016,Sol Legare,No_mussels,Palaemonetes pugio,20,,,1,X,40,,
10/21/2016,Sol Legare,No_mussels,Palaemonetes pugio,17,,,1,X,40,,
10/21/2016,Sol Legare,No_mussels,Palaemonetes pugio,18,,,1,X,40,,
10/21/2016,Sol Legare,Mussels,Fundulus heteroclitus,47,40,,3,Y,41,,
10/21/2016,Sol Legare,Mussels,Fundulus heteroclitus,21,18,,3,Y,41,,
10/21/2016,Sol Legare,Mussels,Litopenaeus setiferus,71,,,3,Y,41,,
10/21/2016,Sol Legare,Mussels,Fundulus heteroclitus,51,43,,3,Y,41,,
10/21/2016,Sol Legare,Mussels,Fundulus heteroclitus,48,40,,3,Y,41,,
10/21/2016,Sol Legare,Mussels,Fundulus heteroclitus,50,43,,3,Y,41,,
10/21/2016,Sol Legare,Mussels,Fundulus heteroclitus,40,32,,3,Y,41,,
10/21/2016,Sol Legare,Mussels,Callinectes sapidus,33,,,3,Y,41,,
10/21/2016,Sol Legare,Mussels,Evorthodus lyricus,75,54,,3,Y,41,,
10/21/2016,Sol Legare,Mussels,Palaemonetes pugio,17,,,3,Y,41,,
10/21/2016,Sol Legare,Mussels,Palaemonetes pugio,20,,,3,Y,41,,
10/21/2016,Sol Legare,Mussels,Palaemonetes pugio,21,,,3,Y,41,,
10/21/2016,Sol Legare,Mussels,Palaemonetes pugio,16,,,3,Y,41,,
10/21/2016,Sol Legare,Mussels,Palaemonetes pugio,16,,,3,Y,41,,
10/21/2016,Sol Legare,Mussels,Palaemonetes pugio,17,,,3,Y,41,,
10/21/2016,Sol Legare,Mussels,Palaemonetes pugio,18,,,3,Y,41,,
10/21/2016,Sol Legare,Mussels,Palaemonetes pugio,21,,,3,Y,41,,
10/21/2016,Sol Legare,Mussels,Palaemonetes pugio,17,,,3,Y,41,,
10/21/2016,Sol Legare,Mussels,Palaemonetes pugio,20,,,3,Y,41,,
10/21/2016,Sol Legare,Mussels,Palaemonetes pugio,16,,,3,Y,41,,
10/21/2016,Sol Legare,Mussels,Palaemonetes pugio,17,,,3,Y,41,,
10/21/2016,Sol Legare,Mussels,Palaemonetes pugio,16,,,3,Y,41,,
10/21/2016,Sol Legare,Mussels,Palaemonetes pugio,17,,,3,Y,41,,
10/21/2016,Sol Legare,Mussels,Palaemonetes pugio,18,,,3,Y,41,,
10/21/2016,Sol Legare,Mussels,Palaemonetes pugio,19,,,3,Y,41,,
10/21/2016,Sol Legare,Mussels,Palaemonetes pugio,18,,,3,Y,41,,
10/21/2016,Sol Legare,Mussels,Palaemonetes pugio,23,,,3,Y,41,,
10/21/2016,Sol Legare,Mussels,Palaemonetes pugio,17,,,3,Y,41,,
10/21/2016,Sol Legare,Mussels,Palaemonetes pugio,18,,,3,Y,41,,
10/21/2016,Sol Legare,Mussels,Palaemonetes pugio,19,,,3,Y,41,,
10/21/2016,Sol Legare,No_mussels,Fundulus heteroclitus,43,35,,2,Y,42,,
10/21/2016,Sol Legare,No_mussels,Litopenaeus setiferus,71,,,2,Y,42,,
10/21/2016,Sol Legare,No_mussels,Callinectes sapidus,50,,,2,Y,42,,
10/21/2016,Sol Legare,No_mussels,Callinectes sapidus,7,,,2,Y,42,,
10/21/2016,Sol Legare,No_mussels,Fundulus heteroclitus,54,43,,2,Y,42,,
10/21/2016,Sol Legare,No_mussels,Fundulus heteroclitus,41,34,,2,Y,42,,
10/21/2016,Sol Legare,No_mussels,Callinectes sapidus,8,,,2,Y,42,,
10/21/2016,Sol Legare,No_mussels,Callinectes sapidus,7,,,2,Y,42,,
10/21/2016,Sol Legare,No_mussels,Palaemonetes pugio,27,,,2,Y,42,,
10/21/2016,Sol Legare,No_mussels,Palaemonetes pugio,19,,,2,Y,42,,
10/21/2016,Sol Legare,No_mussels,Palaemonetes pugio,25,,,2,Y,42,,
10/21/2016,Sol Legare,No_mussels,Palaemonetes pugio,17,,,2,Y,42,,
10/21/2016,Sol Legare,No_mussels,Palaemonetes pugio,18,,,2,Y,42,,
10/21/2016,Sol Legare,No_mussels,Palaemonetes pugio,19,,,2,Y,42,,
10/21/2016,Sol Legare,No_mussels,Palaemonetes pugio,19,,,2,Y,42,,
10/21/2016,Sol Legare,No_mussels,Palaemonetes pugio,18,,,2,Y,42,,
10/21/2016,Sol Legare,No_mussels,Palaemonetes pugio,18,,,2,Y,42,,
10/21/2016,Sol Legare,No_mussels,Palaemonetes pugio,23,,,2,Y,42,,
10/21/2016,Sol Legare,No_mussels,Palaemonetes pugio,24,,,2,Y,42,,
10/21/2016,Sol Legare,No_mussels,Palaemonetes pugio,20,,,2,Y,42,,
10/21/2016,Sol Legare,No_mussels,Palaemonetes pugio,19,,,2,Y,42,,
10/21/2016,Sol Legare,No_mussels,Palaemonetes pugio,17,,,2,Y,42,,
10/21/2016,Sol Legare,No_mussels,Palaemonetes pugio,20,,,2,Y,42,,
10/21/2016,Sol Legare,No_mussels,Palaemonetes pugio,19,,,2,Y,42,,
10/21/2016,Sol Legare,No_mussels,Palaemonetes pugio,21,,,2,Y,42,,
10/21/2016,Sol Legare,No_mussels,Palaemonetes pugio,15,,,2,Y,42,,
10/21/2016,Sol Legare,No_mussels,Palaemonetes pugio,20,,,2,Y,42,,
10/21/2016,Sol Legare,No_mussels,Palaemonetes pugio,24,,,2,Y,42,,
10/21/2016,Sol Legare,No_mussels,Palaemonetes pugio,22,,,2,Y,42,,
10/21/2016,Sol Legare,No_mussels,Palaemonetes pugio,21,,,2,Y,42,,
10/21/2016,Sol Legare,No_mussels,Palaemonetes pugio,19,,,2,Y,42,,
10/21/2016,Sol Legare,No_mussels,Palaemonetes pugio,14,,,2,Y,42,,
11/2/2016,Sol Legare,Mussels,Fundulus heteroclitus,38,31,,,X,43,,
11/2/2016,Sol Legare,Mussels,Fundulus heteroclitus,46,39,,,X,43,,
11/2/2016,Sol Legare,Mussels,Fundulus luciae,33,27,,,X,43,,
11/2/2016,Sol Legare,Mussels,Fundulus heteroclitus,48,39,,,X,43,,
11/2/2016,Sol Legare,Mussels,Callinectes sapidus,28,,,,X,43,,
11/2/2016,Sol Legare,Mussels,Fundulus heteroclitus,47,39,,,X,43,,
11/2/2016,Sol Legare,Mussels,Palaemonetes pugio,18,,,,X,43,,
11/2/2016,Sol Legare,Mussels,Palaemonetes pugio,16,,,,X,43,,
11/2/2016,Sol Legare,Mussels,Palaemonetes pugio,18,,,,X,43,,
11/2/2016,Sol Legare,Mussels,Palaemonetes pugio,19,,,,X,43,,
11/2/2016,Sol Legare,No_mussels,Fundulus heteroclitus,38,31,,,X,44,,
11/2/2016,Sol Legare,No_mussels,Callinectes sapidus,15,,,,X,44,,
11/2/2016,Sol Legare,No_mussels,Callinectes sapidus,10,,,,X,44,,
11/2/2016,Sol Legare,No_mussels,Callinectes sapidus,8,,,,X,44,,
11/2/2016,Sol Legare,No_mussels,Palaemonetes pugio,18,,,,X,44,,
11/2/2016,Sol Legare,No_mussels,Palaemonetes pugio,18,,,,X,44,,
11/2/2016,Sol Legare,No_mussels,Palaemonetes pugio,16,,,,X,44,,
11/2/2016,Sol Legare,No_mussels,Palaemonetes pugio,17,,,,X,44,,
11/2/2016,Sol Legare,No_mussels,Palaemonetes pugio,16,,,,X,44,,
11/2/2016,Sol Legare,No_mussels,Palaemonetes pugio,17,,,,X,44,,
11/2/2016,Sol Legare,No_mussels,Palaemonetes pugio,18,,,,X,44,,
11/2/2016,Sol Legare,No_mussels,Palaemonetes pugio,22,,,,X,44,,
11/2/2016,Sol Legare,No_mussels,Palaemonetes pugio,19,,,,X,44,,
11/2/2016,Sol Legare,No_mussels,Palaemonetes pugio,16,,,,X,44,,
11/2/2016,Sol Legare,No_mussels,Palaemonetes pugio,18,,,,X,44,,
11/2/2016,Sol Legare,No_mussels,Palaemonetes pugio,17,,,,X,44,,
11/2/2016,Sol Legare,No_mussels,Palaemonetes pugio,15,,,,X,44,,
11/2/2016,Sol Legare,No_mussels,Palaemonetes pugio,17,,,,X,44,,
11/2/2016,Sol Legare,No_mussels,Palaemonetes pugio,20,,,,X,44,,
11/2/2016,Sol Legare,No_mussels,Palaemonetes pugio,18,,,,X,44,,
11/2/2016,Sol Legare,No_mussels,Palaemonetes pugio,19,,,,X,44,,
11/2/2016,Sol Legare,No_mussels,Palaemonetes pugio,17,,,,X,44,,
11/2/2016,Sol Legare,No_mussels,Palaemonetes pugio,21,,,,X,44,,
11/2/2016,Sol Legare,Mussels,Callinectes sapidus,129,,,,Y,45,Female,
11/2/2016,Sol Legare,Mussels,Callinectes sapidus,8,,,,Y,45,,
11/2/2016,Sol Legare,Mussels,Fundulus heteroclitus,35,43,,,Y,45,,
11/2/2016,Sol Legare,Mussels,Callinectes sapidus,10,,,,Y,45,,
11/2/2016,Sol Legare,Mussels,Callinectes sapidus,10,,,,Y,45,,
11/2/2016,Sol Legare,Mussels,Callinectes sapidus,103,,,,Y,45,,
11/2/2016,Sol Legare,Mussels,Callinectes sapidus,80,,,,Y,45,Female,
11/2/2016,Sol Legare,Mussels,Palaemonetes pugio,23,,,,Y,45,,
11/2/2016,Sol Legare,Mussels,Palaemonetes pugio,19,,,,Y,45,,
11/2/2016,Sol Legare,Mussels,Palaemonetes pugio,21,,,,Y,45,,
11/2/2016,Sol Legare,Mussels,Palaemonetes pugio,20,,,,Y,45,,
11/2/2016,Sol Legare,Mussels,Palaemonetes pugio,20,,,,Y,45,,
11/2/2016,Sol Legare,Mussels,Palaemonetes pugio,21,,,,Y,45,,
11/2/2016,Sol Legare,Mussels,Palaemonetes pugio,19,,,,Y,45,,
11/2/2016,Sol Legare,Mussels,Palaemonetes pugio,17,,,,Y,45,,
11/2/2016,Sol Legare,Mussels,Palaemonetes pugio,20,,,,Y,45,,
11/2/2016,Sol Legare,Mussels,Palaemonetes pugio,21,,,,Y,45,,
11/2/2016,Sol Legare,Mussels,Palaemonetes pugio,18,,,,Y,45,,
11/2/2016,Sol Legare,Mussels,Palaemonetes pugio,18,,,,Y,45,,
11/2/2016,Sol Legare,Mussels,Palaemonetes pugio,17,,,,Y,45,,
11/2/2016,Sol Legare,Mussels,Palaemonetes pugio,25,,,,Y,45,,
11/2/2016,Sol Legare,Mussels,Palaemonetes pugio,16,,,,Y,45,,
11/2/2016,Sol Legare,Mussels,Palaemonetes pugio,20,,,,Y,45,,
11/2/2016,Sol Legare,Mussels,Palaemonetes pugio,21,,,,Y,45,,
11/2/2016,Sol Legare,Mussels,Palaemonetes pugio,20,,,,Y,45,,
11/2/2016,Sol Legare,Mussels,Palaemonetes pugio,20,,,,Y,45,,
11/2/2016,Sol Legare,Mussels,Palaemonetes pugio,16,,,,Y,45,,
11/2/2016,Sol Legare,Mussels,Palaemonetes pugio,22,,,,Y,45,,
11/2/2016,Sol Legare,Mussels,Palaemonetes pugio,21,,,,Y,45,,
11/2/2016,Sol Legare,Mussels,Palaemonetes pugio,20,,,,Y,45,,
11/2/2016,Sol Legare,Mussels,Palaemonetes pugio,18,,,,Y,45,,
11/2/2016,Sol Legare,Mussels,Palaemonetes pugio,17,,,,Y,45,,
11/2/2016,Sol Legare,Mussels,Palaemonetes pugio,19,,,,Y,45,,
11/2/2016,Sol Legare,Mussels,Palaemonetes pugio,26,,,,Y,45,,
11/2/2016,Sol Legare,Mussels,Palaemonetes pugio,19,,,,Y,45,,
11/2/2016,Sol Legare,Mussels,Palaemonetes pugio,20,,,,Y,45,,
11/2/2016,Sol Legare,No_mussels,Fundulus heteroclitus,33,27,,,Y,46,,
11/2/2016,Sol Legare,No_mussels,Callinectes sapidus,9,,,,Y,46,,
11/2/2016,Sol Legare,No_mussels,Fundulus heteroclitus,48,40,,,Y,46,,
11/2/2016,Sol Legare,No_mussels,Callinectes sapidus,20,,,,Y,46,,
11/2/2016,Sol Legare,No_mussels,Palaemonetes pugio,22,,,,Y,46,,
11/2/2016,Sol Legare,No_mussels,Palaemonetes pugio,22,,,,Y,46,,
11/2/2016,Sol Legare,No_mussels,Palaemonetes pugio,22,,,,Y,46,,
11/2/2016,Sol Legare,No_mussels,Palaemonetes pugio,24,,,,Y,46,,
11/2/2016,Sol Legare,No_mussels,Palaemonetes pugio,18,,,,Y,46,,
11/2/2016,Sol Legare,No_mussels,Palaemonetes pugio,19,,,,Y,46,,
11/2/2016,Sol Legare,No_mussels,Palaemonetes pugio,18,,,,Y,46,,
11/2/2016,Sol Legare,No_mussels,Palaemonetes pugio,19,,,,Y,46,,
11/2/2016,Sol Legare,No_mussels,Palaemonetes pugio,19,,,,Y,46,,
11/2/2016,Sol Legare,No_mussels,Palaemonetes pugio,18,,,,Y,46,,
11/2/2016,Sol Legare,No_mussels,Palaemonetes pugio,18,,,,Y,46,,
11/2/2016,Sol Legare,No_mussels,Palaemonetes pugio,19,,,,Y,46,,
11/2/2016,Sol Legare,No_mussels,Palaemonetes pugio,19,,,,Y,46,,
11/2/2016,Sol Legare,No_mussels,Palaemonetes pugio,20,,,,Y,46,,
11/2/2016,Sol Legare,No_mussels,Palaemonetes pugio,17,,,,Y,46,,
11/2/2016,Sol Legare,No_mussels,Palaemonetes pugio,18,,,,Y,46,,
11/2/2016,Sol Legare,No_mussels,Palaemonetes pugio,20,,,,Y,46,,
11/2/2016,Sol Legare,No_mussels,Palaemonetes pugio,23,,,,Y,46,,
11/2/2016,Sol Legare,No_mussels,Palaemonetes pugio,22,,,,Y,46,,
11/2/2016,Sol Legare,No_mussels,Palaemonetes pugio,24,,,,Y,46,,
11/2/2016,Sol Legare,No_mussels,Palaemonetes pugio,18,,,,Y,46,,
11/2/2016,Sol Legare,No_mussels,Palaemonetes pugio,21,,,,Y,46,,
11/2/2016,Sol Legare,No_mussels,Palaemonetes pugio,20,,,,Y,46,,
11/2/2016,Sol Legare,No_mussels,Palaemonetes pugio,17,,,,Y,46,,
11/2/2016,Sol Legare,No_mussels,Palaemonetes pugio,18,,,,Y,46,,
11/2/2016,Sol Legare,No_mussels,Palaemonetes pugio,27,,,,Y,46,,
11/2/2016,Sol Legare,No_mussels,Palaemonetes pugio,19,,,,Y,46,,
11/2/2016,Sol Legare,No_mussels,Palaemonetes pugio,24,,,,Y,46,,
11/2/2016,Sol Legare,No_mussels,Palaemonetes pugio,22,,,,Y,46,,
11/2/2016,Sol Legare,No_mussels,Palaemonetes pugio,23,,,,Y,46,,
11/2/2016,Sol Legare,No_mussels,Palaemonetes pugio,20,,,,Y,46,,
11/2/2016,Sol Legare,No_mussels,Palaemonetes pugio,18,,,,Y,46,,
11/2/2016,Sol Legare,No_mussels,Palaemonetes pugio,20,,,,Y,46,,
11/2/2016,Sol Legare,No_mussels,Palaemonetes pugio,20,,,,Y,46,,
11/2/2016,Sol Legare,No_mussels,Palaemonetes pugio,20,,,,Y,46,,
11/2/2016,Sol Legare,No_mussels,Palaemonetes pugio,20,,,,Y,46,,
11/2/2016,Sol Legare,No_mussels,Palaemonetes pugio,22,,,,Y,46,,
11/2/2016,Sol Legare,No_mussels,Palaemonetes pugio,23,,,,Y,46,,
11/2/2016,Sol Legare,No_mussels,Palaemonetes pugio,19,,,,Y,46,,
11/18/2016,Sol Legare,Mussels,Fundulus heteroclitus,30,25,,,X,47,,
11/18/2016,Sol Legare,Mussels,Palaemonetes pugio,18,,,,X,47,,
11/18/2016,Sol Legare,No_mussels,Fundulus heteroclitus,30,22,,,X,48,,
11/18/2016,Sol Legare,No_mussels,Alpheus heterochaelis,21,,,,X,48,,
11/18/2016,Sol Legare,No_mussels,Palaemonetes pugio,25,,,,X,48,,
11/18/2016,Sol Legare,Mussels,Fundulus heteroclitus,39,32,,,Y,49,,
11/18/2016,Sol Legare,Mussels,Fundulus heteroclitus,25,,,,Y,49,,
11/18/2016,Sol Legare,Mussels,Fundulus heteroclitus,31,26,"Dropped, length estimated",,Y,49,,
11/18/2016,Sol Legare,No_mussels,Fundulus heteroclitus,29,24,,,Y,50,,
11/18/2016,Sol Legare,No_mussels,Callinectes sapidus,11,,,,Y,50,,
11/18/2016,Sol Legare,No_mussels,Callinectes sapidus,9,,,,Y,50,,
11/18/2016,Sol Legare,No_mussels,Palaemonetes pugio,23,,,,Y,50,,
11/18/2016,Sol Legare,No_mussels,Palaemonetes pugio,23,,,,Y,50,,
11/18/2016,Sol Legare,No_mussels,Palaemonetes pugio,18,,,,Y,50,,
11/18/2016,Sol Legare,No_mussels,Palaemonetes pugio,21,,,,Y,50,,
11/18/2016,Sol Legare,No_mussels,Palaemonetes pugio,21,,,,Y,50,,
11/18/2016,Sol Legare,No_mussels,Palaemonetes pugio,20,,,,Y,50,,
12/2/2016,Sol Legare,Mussels,Callinectes sapidus,12,,,,X,51,,
12/2/2016,Sol Legare,No_mussels,Alpheus heterochaelis,24,,,,X,52,,
12/2/2016,Sol Legare,No_mussels,Callinectes sapidus,23,,,,X,52,,
12/2/2016,Sol Legare,No_mussels,Callinectes sapidus,14,,,,X,52,,
12/2/2016,Sol Legare,No_mussels,Callinectes sapidus,10,,,,X,52,,
12/2/2016,Sol Legare,No_mussels,Callinectes sapidus,11,,,,X,52,,
12/2/2016,Sol Legare,No_mussels,Alpheus heterochaelis,30,,,,X,52,,
12/2/2016,Sol Legare,No_mussels,Alpheus heterochaelis,30,,,,X,52,,
12/2/2016,Sol Legare,No_mussels,Palaemonetes pugio,19,,,,X,52,,
12/2/2016,Sol Legare,No_mussels,Palaemonetes pugio,16,,,,X,52,,
12/2/2016,Sol Legare,No_mussels,Palaemonetes pugio,24,,,,X,52,,
12/2/2016,Sol Legare,No_mussels,Palaemonetes pugio,22,,,,X,52,,
12/2/2016,Sol Legare,No_mussels,Palaemonetes pugio,20,,,,X,52,,
12/2/2016,Sol Legare,No_mussels,Palaemonetes pugio,20,,,,X,52,,
12/2/2016,Sol Legare,No_mussels,Palaemonetes pugio,21,,,,X,52,,
12/2/2016,Sol Legare,No_mussels,Palaemonetes pugio,22,,,,X,52,,
12/2/2016,Sol Legare,No_mussels,Palaemonetes pugio,18,,,,X,52,,
12/2/2016,Sol Legare,No_mussels,Palaemonetes pugio,19,,,,X,52,,
12/2/2016,Sol Legare,No_mussels,Palaemonetes pugio,21,,,,X,52,,
12/2/2016,Sol Legare,No_mussels,Palaemonetes pugio,19,,,,X,52,,
12/2/2016,Sol Legare,No_mussels,Palaemonetes pugio,19,,,,X,52,,
12/2/2016,Sol Legare,No_mussels,Palaemonetes pugio,20,,,,X,52,,
12/2/2016,Sol Legare,No_mussels,Palaemonetes pugio,24,,,,X,52,,
12/2/2016,Sol Legare,Mussels,Fundulus luciae,20,17,,,Y,53,,
12/2/2016,Sol Legare,Mussels,Fundulus luciae,23,19,,,Y,53,,
12/2/2016,Sol Legare,Mussels,Fundulus heteroclitus,30,24,,,Y,53,,
12/2/2016,Sol Legare,Mussels,Fundulus luciae,34,28,,,Y,53,,
12/2/2016,Sol Legare,Mussels,Fundulus heteroclitus,38,30,,,Y,53,,
12/2/2016,Sol Legare,Mussels,Fundulus luciae,24,19,,,Y,53,,
12/2/2016,Sol Legare,Mussels,Fundulus luciae,32,26,,,Y,53,,
12/2/2016,Sol Legare,Mussels,Fundulus luciae,29,24,,,Y,53,,
12/2/2016,Sol Legare,Mussels,Fundulus heteroclitus,20,24,,,Y,53,,
12/2/2016,Sol Legare,No_mussels,Fundulus heteroclitus,29,25,,,Y,54,,
12/2/2016,Sol Legare,No_mussels,Fundulus heteroclitus,28,23,,,Y,54,,
12/2/2016,Sol Legare,No_mussels,Palaemonetes pugio,20,,,,Y,54,,
12/2/2016,Sol Legare,No_mussels,Palaemonetes pugio,21,,,,Y,54,,
12/2/2016,Sol Legare,No_mussels,Palaemonetes pugio,23,,,,Y,54,,
12/16/2016,Sol Legare,Mussels,Fundulus luciae,28,22,,,X,55,,
12/16/2016,Sol Legare,Mussels,Fundulus heteroclitus,33,26,,,X,55,,
12/16/2016,Sol Legare,Mussels,Fundulus heteroclitus,25,22,,,X,55,,
12/16/2016,Sol Legare,Mussels,Fundulus heteroclitus,45,38,,,X,55,,
12/16/2016,Sol Legare,Mussels,Fundulus heteroclitus,36,29,,,X,55,,
12/16/2016,Sol Legare,Mussels,Cyprinodon variegatus,23,18,,,X,55,,
12/16/2016,Sol Legare,No_mussels,Fundulus heteroclitus,28,23,,,X,56,,
12/16/2016,Sol Legare,No_mussels,Callinectes sapidus,9,,,,X,56,,
12/16/2016,Sol Legare,Mussels,Fundulus heteroclitus,26,19,,,Y,57,,
12/16/2016,Sol Legare,Mussels,Fundulus heteroclitus,29,23,,,Y,57,,
12/16/2016,Sol Legare,Mussels,Fundulus heteroclitus,27,21,,,Y,57,,
12/16/2016,Sol Legare,Mussels,Fundulus heteroclitus,31,24,,,Y,57,,
12/16/2016,Sol Legare,Mussels,Fundulus heteroclitus,25,,"Dropped, length estimated",,Y,57,,
12/16/2016,Sol Legare,Mussels,Fundulus luciae,30,26,,,Y,57,,
12/16/2016,Sol Legare,No_mussels,Fundulus heteroclitus,45,37,,,Y,58,,
12/16/2016,Sol Legare,No_mussels,Fundulus heteroclitus,33,27,,,Y,58,,
12/16/2016,Sol Legare,No_mussels,Palaemonetes pugio,20,,,,Y,58,,
12/16/2016,Sol Legare,No_mussels,Palaemonetes pugio,17,,,,Y,58,,
1/16/2017,Sol Legare,Mussels,Fundulus heteroclitus,35,30,,,X,59,,
1/16/2017,Sol Legare,Mussels,Fundulus heteroclitus,53,43,,,X,59,,
1/16/2017,Sol Legare,Mussels,Fundulus heteroclitus,50,42,,,X,59,,
1/16/2017,Sol Legare,No_mussels,Callinectes sapidus,13,,,,X,60,,
1/16/2017,Sol Legare,No_mussels,Palaemonetes pugio,22,,,,X,60,,
1/16/2017,Sol Legare,No_mussels,Palaemonetes pugio,17,,,,X,60,,S
1/16/2017,Sol Legare,No_mussels,Palaemonetes pugio,16,,,,X,60,,
1/16/2017,Sol Legare,Mussels,Fundulus heteroclitus,38,32,,,Y,61,,
1/31/2017,Sol Legare,No_mussels,Fundulus heteroclitus,45,38,ONLY FISH AMONG 4 TRAPS,,X,64,"** 62, 63, 65, 66 missing since none were caught in these traps",
2/13/2017,Sol Legare,Mussels,Fundulus luciae,26,23,,,X,67,,
2/13/2017,Sol Legare,Mussels,Fundulus heteroclitus,31,24,,,X,67,,
2/13/2017,Sol Legare,Mussels,Callinectes sapidus,7,,,,Y,69,"** 68, 70 missing since none were caught in these traps",
2/28/2017,Sol Legare,Mussels,Palaemonetes pugio,31,,,,X,71,,
2/28/2017,Sol Legare,No_mussels,Callinectes sapidus,26,,,,X,72,,
2/28/2017,Sol Legare,No_mussels,Callinectes sapidus,17,,,,X,72,,
2/28/2017,Sol Legare,No_mussels,Alpheus heterochaelis,30,,,,X,72,,
2/28/2017,Sol Legare,No_mussels,Alpheus heterochaelis,26,,,,X,72,,
2/28/2017,Sol Legare,No_mussels,Palaemonetes pugio,21,,,,X,72,,
2/28/2017,Sol Legare,No_mussels,Palaemonetes pugio,18,,,,X,72,,
2/28/2017,Sol Legare,No_mussels,Palaemonetes pugio,22,,,,X,72,,
2/28/2017,Sol Legare,No_mussels,Palaemonetes pugio,26,,,,X,72,,
2/28/2017,Sol Legare,No_mussels,Leiostomus xanthurus,19,16,Juvenile,,X,72,,
2/28/2017,Sol Legare,Mussels,Fundulus heteroclitus,57,50,,,Y,73,,
2/28/2017,Sol Legare,Mussels,Fundulus luciae,37,30,,,Y,73,,
2/28/2017,Sol Legare,Mussels,Fundulus luciae,35,28,,,Y,73,,
2/28/2017,Sol Legare,Mussels,Palaemonetes pugio,25,,,,Y,73,,
2/28/2017,Sol Legare,Mussels,Palaemonetes pugio,25,,,,Y,73,,
2/28/2017,Sol Legare,Mussels,Palaemonetes pugio,23,,,,Y,73,,
2/28/2017,Sol Legare,No_mussels,Fundulus heteroclitus,34,28,,,Y,74,,
2/28/2017,Sol Legare,No_mussels,Callinectes sapidus,13,,,,Y,74,,
2/28/2017,Sol Legare,No_mussels,Fundulus heteroclitus,44,38,,,Y,74,,
2/28/2017,Sol Legare,No_mussels,Leiostomus xanthurus,20,17,,,Y,74,,
2/28/2017,Sol Legare,No_mussels,Leiostomus xanthurus,25,22,,,Y,74,,
2/28/2017,Sol Legare,No_mussels,Leiostomus xanthurus,22,19,,,Y,74,,
2/28/2017,Sol Legare,No_mussels,Leiostomus xanthurus,24,21,,,Y,74,,
2/28/2017,Sol Legare,No_mussels,Palaemonetes pugio,23,,,,Y,74,,
2/28/2017,Sol Legare,No_mussels,Palaemonetes pugio,26,,,,Y,74,,
3/13/2017,Sol Legare,Mussels,Leiostomus xanthurus,32,25,,,X,75,,
3/13/2017,Sol Legare,No_mussels,Leiostomus xanthurus,31,24,,,X,76,,
3/13/2017,Sol Legare,No_mussels,Leiostomus xanthurus,29,24,,,X,76,,
3/13/2017,Sol Legare,No_mussels,Callinectes sapidus,12,,,,X,76,,
3/13/2017,Sol Legare,Mussels,Callinectes sapidus,25,,,,Y,77,,
3/13/2017,Sol Legare,Mussels,Palaemonetes pugio,26,,,,Y,77,,
3/13/2017,Sol Legare,No_mussels,Leiostomus xanthurus,22,18,,,Y,78,,
3/31/2017,Sol Legare,Mussels,Palaemonetes pugio,19,,,,X,79,,
3/31/2017,Sol Legare,Mussels,Palaemonetes pugio,,,,,X,79,,
3/31/2017,Sol Legare,No_mussels,Callinectes sapidus,13,,,,X,80,,
3/31/2017,Sol Legare,No_mussels,Leiostomus xanthurus,23,19,,,X,80,,
3/31/2017,Sol Legare,No_mussels,Leiostomus xanthurus,23,18,,,X,80,,
3/31/2017,Sol Legare,No_mussels,Leiostomus xanthurus,25,20,,,X,80,,
3/31/2017,Sol Legare,No_mussels,Callinectes sapidus,25,,,,X,80,,
3/31/2017,Sol Legare,No_mussels,Fundulus heteroclitus,53,42,,,X,80,,
3/31/2017,Sol Legare,No_mussels,Callinectes sapidus,19,,,,X,80,,
3/31/2017,Sol Legare,No_mussels,Palaemonetes pugio,29,,,,X,80,,
3/31/2017,Sol Legare,No_mussels,Palaemonetes pugio,23,,,,X,80,,
3/31/2017,Sol Legare,No_mussels,Palaemonetes pugio,29,,,,X,80,,
3/31/2017,Sol Legare,No_mussels,Palaemonetes pugio,22,,,,X,80,,
3/31/2017,Sol Legare,No_mussels,Palaemonetes pugio,22,,,,X,80,,
3/31/2017,Sol Legare,No_mussels,Palaemonetes pugio,18,,,,X,80,,
3/31/2017,Sol Legare,No_mussels,Palaemonetes pugio,24,,,,X,80,,
3/31/2017,Sol Legare,No_mussels,Palaemonetes pugio,26,,,,X,80,,
3/31/2017,Sol Legare,No_mussels,Palaemonetes pugio,25,,,,X,80,,
3/31/2017,Sol Legare,No_mussels,Palaemonetes pugio,23,,,,X,80,,
3/31/2017,Sol Legare,No_mussels,Palaemonetes pugio,21,,,,X,80,,
3/31/2017,Sol Legare,No_mussels,Palaemonetes pugio,22,,,,X,80,,
3/31/2017,Sol Legare,Mussels,Fundulus luciae,25,,"Dropped, length estimated",,Y,81,,
3/31/2017,Sol Legare,Mussels,Fundulus heteroclitus,45,36,,,Y,81,,
3/31/2017,Sol Legare,Mussels,Fundulus luciae,35,28,,,Y,81,,
3/31/2017,Sol Legare,Mussels,Palaemonetes pugio,27,,,,Y,81,,
3/31/2017,Sol Legare,Mussels,Palaemonetes pugio,26,,,,Y,81,,
3/31/2017,Sol Legare,Mussels,Palaemonetes pugio,23,,,,Y,81,,
3/31/2017,Sol Legare,Mussels,Palaemonetes pugio,23,,,,Y,81,,
3/31/2017,Sol Legare,No_mussels,Alpheus heterochaelis,36,,,,Y,82,,
3/31/2017,Sol Legare,No_mussels,Callinectes sapidus,29,,Male,,Y,82,,
3/31/2017,Sol Legare,No_mussels,Alpheus heterochaelis,26,,,,Y,82,,
3/31/2017,Sol Legare,No_mussels,Alpheus heterochaelis,24,,,,Y,82,,
3/31/2017,Sol Legare,No_mussels,Palaemonetes pugio,30,,,,Y,82,,
3/31/2017,Sol Legare,No_mussels,Palaemonetes pugio,24,,,,Y,82,,
3/31/2017,Sol Legare,No_mussels,Palaemonetes pugio,21,,,,Y,82,,
3/31/2017,Sol Legare,No_mussels,Palaemonetes pugio,28,,,,Y,82,,
3/31/2017,Sol Legare,No_mussels,Palaemonetes pugio,23,,,,Y,82,,
3/31/2017,Sol Legare,No_mussels,Palaemonetes pugio,21,,,,Y,82,,
3/31/2017,Sol Legare,No_mussels,Palaemonetes pugio,20,,,,Y,82,,
3/31/2017,Sol Legare,No_mussels,Palaemonetes pugio,20,,,,Y,82,,
3/31/2017,Sol Legare,No_mussels,Palaemonetes pugio,25,,,,Y,82,,
3/31/2017,Sol Legare,No_mussels,Palaemonetes pugio,24,,,,Y,82,,
3/31/2017,Sol Legare,No_mussels,Palaemonetes pugio,21,,,,Y,82,,
3/31/2017,Sol Legare,No_mussels,Palaemonetes pugio,26,,,,Y,82,,
3/31/2017,Sol Legare,No_mussels,Palaemonetes pugio,22,,,,Y,82,,
3/31/2017,Sol Legare,No_mussels,Palaemonetes pugio,18,,,,Y,82,,
3/31/2017,Sol Legare,No_mussels,Palaemonetes pugio,20,,,,Y,82,,
3/31/2017,Sol Legare,No_mussels,Palaemonetes pugio,21,,,,Y,82,,
3/31/2017,Sol Legare,No_mussels,Palaemonetes pugio,21,,,,Y,82,,
3/31/2017,Sol Legare,No_mussels,Palaemonetes pugio,21,,,,Y,82,,
3/31/2017,Sol Legare,No_mussels,Palaemonetes pugio,23,,,,Y,82,,
3/31/2017,Sol Legare,No_mussels,Palaemonetes pugio,24,,,,Y,82,,
3/31/2017,Sol Legare,No_mussels,Palaemonetes pugio,19,,,,Y,82,,
3/31/2017,Sol Legare,No_mussels,Palaemonetes pugio,22,,,,Y,82,,
4/11/2017,Sol Legare,Mussels,Fundulus heteroclitus,40,34,,,X,83,,
4/11/2017,Sol Legare,Mussels,Callinectes sapidus,55,,,,X,83,,
4/11/2017,Sol Legare,Mussels,Palaemonetes pugio,26,,,,X,83,,
4/11/2017,Sol Legare,No_mussels,Fundulus luciae,35,29,,,X,84,,
4/11/2017,Sol Legare,No_mussels,Fundulus luciae,27,23,,,X,84,,
4/11/2017,Sol Legare,No_mussels,Palaemonetes pugio,28,,,,X,84,,
4/11/2017,Sol Legare,No_mussels,Palaemonetes pugio,23,,,,X,84,,
4/11/2017,Sol Legare,No_mussels,Palaemonetes pugio,31,,,,X,84,,
4/11/2017,Sol Legare,Mussels,Palaemonetes pugio,25,,,,Y,85,,
4/11/2017,Sol Legare,Mussels,Palaemonetes pugio,27,,,,Y,85,,
4/11/2017,Sol Legare,Mussels,Palaemonetes pugio,27,,,,Y,85,,
4/11/2017,Sol Legare,Mussels,Palaemonetes pugio,24,,,,Y,85,,
4/11/2017,Sol Legare,Mussels,Palaemonetes pugio,28,,,,Y,85,,
4/11/2017,Sol Legare,Mussels,Palaemonetes pugio,27,,,,Y,85,,
4/11/2017,Sol Legare,Mussels,Palaemonetes pugio,25,,,,Y,85,,
4/11/2017,Sol Legare,Mussels,Palaemonetes pugio,23,,,,Y,85,,
4/11/2017,Sol Legare,No_mussels,Callinectes sapidus,22,,,,Y,86,,
4/11/2017,Sol Legare,No_mussels,Leiostomus xanthurus,32,27,,,Y,86,,
4/11/2017,Sol Legare,No_mussels,Fundulus luciae,32,25,,,Y,86,,
4/11/2017,Sol Legare,No_mussels,Palaemonetes pugio,26,,,,Y,86,,
4/11/2017,Sol Legare,No_mussels,Palaemonetes pugio,23,,,,Y,86,,
4/11/2017,Sol Legare,No_mussels,Palaemonetes pugio,28,,,,Y,86,,
4/11/2017,Sol Legare,No_mussels,Palaemonetes pugio,22,,,,Y,86,,
4/11/2017,Sol Legare,No_mussels,Palaemonetes pugio,26,,,,Y,86,,
4/11/2017,Sol Legare,No_mussels,Palaemonetes pugio,26,,,,Y,86,,
4/11/2017,Sol Legare,No_mussels,Palaemonetes pugio,25,,,,Y,86,,
4/11/2017,Sol Legare,No_mussels,Palaemonetes pugio,24,,,,Y,86,,
4/11/2017,Sol Legare,No_mussels,Palaemonetes pugio,24,,,,Y,86,,
4/11/2017,Sol Legare,No_mussels,Palaemonetes pugio,22,,,,Y,86,,
4/11/2017,Sol Legare,No_mussels,Palaemonetes pugio,27,,,,Y,86,,
4/11/2017,Sol Legare,No_mussels,Palaemonetes pugio,23,,,,Y,86,,
4/11/2017,Sol Legare,No_mussels,Palaemonetes pugio,24,,,,Y,86,,
4/11/2017,Sol Legare,No_mussels,Palaemonetes pugio,25,,,,Y,86,,
4/11/2017,Sol Legare,No_mussels,Palaemonetes pugio,20,,,,Y,86,,
4/11/2017,Sol Legare,No_mussels,Palaemonetes pugio,22,,,,Y,86,,
4/11/2017,Sol Legare,No_mussels,Palaemonetes pugio,26,,,,Y,86,,
4/11/2017,Sol Legare,No_mussels,Palaemonetes pugio,27,,,,Y,86,,
4/11/2017,Sol Legare,No_mussels,Palaemonetes pugio,20,,,,Y,86,,
4/11/2017,Sol Legare,No_mussels,Palaemonetes pugio,25,,,,Y,86,,
4/11/2017,Sol Legare,No_mussels,Palaemonetes pugio,26,,,,Y,86,,
4/11/2017,Sol Legare,No_mussels,Palaemonetes pugio,25,,,,Y,86,,
4/11/2017,Sol Legare,No_mussels,Palaemonetes pugio,30,,,,Y,86,,
4/11/2017,Sol Legare,No_mussels,Palaemonetes pugio,29,,,,Y,86,,
4/11/2017,Sol Legare,No_mussels,Palaemonetes pugio,28,,,,Y,86,,
4/11/2017,Sol Legare,No_mussels,Palaemonetes pugio,25,,,,Y,86,,
4/28/2017,Sol Legare,Mussels,Fundulus heteroclitus,41,35,,,X,87,,
4/28/2017,Sol Legare,Mussels,Callinectes sapidus,58,,,,X,87,,
4/28/2017,Sol Legare,Mussels,Fundulus heteroclitus,23,19,,,X,87,,
4/28/2017,Sol Legare,Mussels,Callinectes sapidus,55,,,,X,87,,
4/28/2017,Sol Legare,Mussels,Fundulus heteroclitus,48,40,,,X,87,,
4/28/2017,Sol Legare,Mussels,Fundulus heteroclitus,63,53,,,X,87,,
4/28/2017,Sol Legare,Mussels,Palaemonetes pugio,29,,,,X,87,,
4/28/2017,Sol Legare,No_mussels,Fundulus heteroclitus,21,18,,,X,88,,
4/28/2017,Sol Legare,No_mussels,Fundulus heteroclitus,20,17,,,X,88,,
4/28/2017,Sol Legare,Mussels,Fundulus luciae,30,,"Dropped, length estimated",,Y,89,,
4/28/2017,Sol Legare,No_mussels,Fundulus heteroclitus,22,20,,,Y,90,,
4/28/2017,Sol Legare,No_mussels,Fundulus heteroclitus,28,23,,,Y,90,,
4/28/2017,Sol Legare,No_mussels,Fundulus heteroclitus,21,18,,,Y,90,,
4/28/2017,Sol Legare,No_mussels,Palaemonetes pugio,21,,,,Y,90,,
4/28/2017,Sol Legare,No_mussels,Palaemonetes pugio,28,,,,Y,90,,
5/12/2017,Sol Legare,Mussels,Fundulus heteroclitus,28,25,,,X,91,,
5/12/2017,Sol Legare,Mussels,Callinectes sapidus,45,,,,X,91,,
5/12/2017,Sol Legare,Mussels,Fundulus heteroclitus,18,16,,,X,91,,
5/12/2017,Sol Legare,No_mussels,Fundulus heteroclitus,27,23,,,X,92,,
5/12/2017,Sol Legare,No_mussels,Fundulus heteroclitus,32,26,,,X,92,,
5/12/2017,Sol Legare,No_mussels,Fundulus heteroclitus,30,25,,,X,92,,
5/12/2017,Sol Legare,No_mussels,Callinectes sapidus,41,,,,X,92,,
5/12/2017,Sol Legare,No_mussels,Palaemonetes pugio,23,,,,X,92,,
5/12/2017,Sol Legare,No_mussels,Palaemonetes pugio,29,,,,X,92,,
5/12/2017,Sol Legare,No_mussels,Palaemonetes pugio,30,,,,X,92,,
5/12/2017,Sol Legare,No_mussels,Palaemonetes pugio,24,,,,X,92,,
5/12/2017,Sol Legare,No_mussels,Palaemonetes pugio,29,,,,X,92,,
5/12/2017,Sol Legare,No_mussels,Palaemonetes pugio,22,,,,X,92,,
5/12/2017,Sol Legare,No_mussels,Palaemonetes pugio,,,,,X,92,,
5/12/2017,Sol Legare,No_mussels,Palaemonetes pugio,,,,,X,92,,
5/12/2017,Sol Legare,No_mussels,Fundulus heteroclitus,21,18,,,Y,94,*93 missing since nothing was caught. Water level was very low though!,
5/12/2017,Sol Legare,No_mussels,Alpheus heterochaelis,22,,,,Y,94,,
5/12/2017,Sol Legare,No_mussels,Alpheus heterochaelis,32,,,,Y,94,,
5/12/2017,Sol Legare,No_mussels,Palaemonetes pugio,17,,,,Y,94,,
5/12/2017,Sol Legare,No_mussels,Palaemonetes pugio,19,,,,Y,94,,
5/22/2017,Sol Legare,Mussels,Fundulus heteroclitus,21,18,,,X,95,,
5/22/2017,Sol Legare,Mussels,Fundulus heteroclitus,23,20,,,X,95,,
5/22/2017,Sol Legare,Mussels,Fundulus heteroclitus,61,54,,,X,95,,
5/22/2017,Sol Legare,Mussels,Fundulus heteroclitus,27,33,,,X,95,,
5/22/2017,Sol Legare,Mussels,Fundulus heteroclitus,25,22,,,X,95,,
5/22/2017,Sol Legare,Mussels,Fundulus heteroclitus,63,55,,,X,95,,
5/22/2017,Sol Legare,Mussels,Palaemonetes pugio,,,,,X,95,,
5/22/2017,Sol Legare,Mussels,Palaemonetes pugio,,,,,X,95,,
5/22/2017,Sol Legare,Mussels,Palaemonetes pugio,,,,,X,95,,
5/22/2017,Sol Legare,Mussels,Palaemonetes pugio,,,,,X,95,,
5/22/2017,Sol Legare,Mussels,Palaemonetes pugio,,,,,X,95,,
5/22/2017,Sol Legare,Mussels,Palaemonetes pugio,,,,,X,95,,
5/22/2017,Sol Legare,Mussels,Palaemonetes pugio,,,,,X,95,,
5/22/2017,Sol Legare,Mussels,Palaemonetes pugio,,,,,X,95,,
5/22/2017,Sol Legare,Mussels,Palaemonetes pugio,,,,,X,95,,
5/22/2017,Sol Legare,Mussels,Palaemonetes pugio,,,,,X,95,,
5/22/2017,Sol Legare,No_mussels,Fundulus heteroclitus,21,18,,,X,96,,
5/22/2017,Sol Legare,No_mussels,Fundulus heteroclitus,20,16,,,X,96,,
5/22/2017,Sol Legare,No_mussels,Fundulus heteroclitus,22,17,,,X,96,,
5/22/2017,Sol Legare,No_mussels,Fundulus heteroclitus,53,45,,,X,96,,
5/22/2017,Sol Legare,No_mussels,Fundulus heteroclitus,21,17,,,X,96,,
5/22/2017,Sol Legare,No_mussels,Fundulus heteroclitus,30,27,,,X,96,,
5/22/2017,Sol Legare,No_mussels,Fundulus heteroclitus,29,25,,,X,96,,
5/22/2017,Sol Legare,No_mussels,Fundulus heteroclitus,21,18,,,X,96,,
5/22/2017,Sol Legare,No_mussels,Fundulus heteroclitus,35,30,,,X,96,,
5/22/2017,Sol Legare,No_mussels,Fundulus heteroclitus,36,302,,,X,96,,
5/22/2017,Sol Legare,No_mussels,Fundulus heteroclitus,40,34,,,X,96,,
5/22/2017,Sol Legare,No_mussels,Fundulus heteroclitus,35,28,,,X,96,,
5/22/2017,Sol Legare,No_mussels,Fundulus heteroclitus,35,29,,,X,96,,
5/22/2017,Sol Legare,No_mussels,Fundulus heteroclitus,34,29,,,X,96,,
5/22/2017,Sol Legare,No_mussels,Palaemonetes pugio,20,,,,X,96,,
5/22/2017,Sol Legare,No_mussels,Palaemonetes pugio,23,,,,X,96,,
5/22/2017,Sol Legare,No_mussels,Palaemonetes pugio,21,,,,X,96,,
5/22/2017,Sol Legare,No_mussels,Palaemonetes pugio,25,,,,X,96,,
5/22/2017,Sol Legare,No_mussels,Palaemonetes pugio,25,,,,X,96,,
5/22/2017,Sol Legare,No_mussels,Palaemonetes pugio,30,,,,X,96,,
5/22/2017,Sol Legare,Mussels,Fundulus luciae,35,,"Dropped, length estimated",,Y,97,,
5/22/2017,Sol Legare,Mussels,Fundulus heteroclitus,24,20,,,Y,97,,
5/22/2017,Sol Legare,Mussels,Fundulus heteroclitus,32,28,,,Y,97,,
5/22/2017,Sol Legare,Mussels,Fundulus heteroclitus,19,15,,,Y,97,,
5/22/2017,Sol Legare,Mussels,Fundulus heteroclitus,30,25,,,Y,97,,
5/22/2017,Sol Legare,Mussels,Fundulus heteroclitus,27,23,,,Y,97,,
5/22/2017,Sol Legare,Mussels,Fundulus heteroclitus,32,25,,,Y,97,,
5/22/2017,Sol Legare,Mussels,Fundulus heteroclitus,29,26,,,Y,97,,
5/22/2017,Sol Legare,Mussels,Fundulus heteroclitus,35,30,,,Y,97,,
5/22/2017,Sol Legare,Mussels,Callinectes sapidus,50,,,,Y,97,,
5/22/2017,Sol Legare,Mussels,Palaemonetes pugio,,,,,Y,97,,
5/22/2017,Sol Legare,Mussels,Palaemonetes pugio,,,,,Y,97,,
5/22/2017,Sol Legare,Mussels,Palaemonetes pugio,,,,,Y,97,,
5/22/2017,Sol Legare,Mussels,Palaemonetes pugio,,,,,Y,97,,
5/22/2017,Sol Legare,Mussels,Palaemonetes pugio,,,,,Y,97,,
5/22/2017,Sol Legare,Mussels,Palaemonetes pugio,,,,,Y,97,,
5/22/2017,Sol Legare,Mussels,Palaemonetes pugio,,,,,Y,97,,
5/22/2017,Sol Legare,Mussels,Palaemonetes pugio,,,,,Y,97,,
5/22/2017,Sol Legare,Mussels,Palaemonetes pugio,,,,,Y,97,,
5/22/2017,Sol Legare,Mussels,Palaemonetes pugio,,,,,Y,97,,
5/22/2017,Sol Legare,Mussels,Palaemonetes pugio,,,,,Y,97,,
5/22/2017,Sol Legare,Mussels,Palaemonetes pugio,,,,,Y,97,,
5/22/2017,Sol Legare,Mussels,Palaemonetes pugio,,,,,Y,97,,
5/22/2017,Sol Legare,Mussels,Palaemonetes pugio,,,,,Y,97,,
5/22/2017,Sol Legare,Mussels,Palaemonetes pugio,,,,,Y,97,,
5/22/2017,Sol Legare,Mussels,Palaemonetes pugio,,,,,Y,97,,
5/22/2017,Sol Legare,Mussels,Palaemonetes pugio,,,,,Y,97,,
5/22/2017,Sol Legare,Mussels,Palaemonetes pugio,,,,,Y,97,,
5/22/2017,Sol Legare,Mussels,Palaemonetes pugio,,,,,Y,97,,
5/22/2017,Sol Legare,Mussels,Palaemonetes pugio,,,,,Y,97,,
5/22/2017,Sol Legare,Mussels,Palaemonetes pugio,,,,,Y,97,,
5/22/2017,Sol Legare,Mussels,Palaemonetes pugio,,,,,Y,97,,
5/22/2017,Sol Legare,Mussels,Palaemonetes pugio,,,,,Y,97,,
5/22/2017,Sol Legare,Mussels,Palaemonetes pugio,,,,,Y,97,,
5/22/2017,Sol Legare,Mussels,Palaemonetes pugio,,,,,Y,97,,
5/22/2017,Sol Legare,Mussels,Palaemonetes pugio,,,,,Y,97,,
5/22/2017,Sol Legare,Mussels,Palaemonetes pugio,,,,,Y,97,,
5/22/2017,Sol Legare,Mussels,Palaemonetes pugio,,,,,Y,97,,
5/22/2017,Sol Legare,Mussels,Palaemonetes pugio,,,,,Y,97,,
5/22/2017,Sol Legare,Mussels,Palaemonetes pugio,,,,,Y,97,,
5/22/2017,Sol Legare,Mussels,Palaemonetes pugio,,,,,Y,97,,
5/22/2017,Sol Legare,Mussels,Palaemonetes pugio,,,,,Y,97,,
5/22/2017,Sol Legare,Mussels,Palaemonetes pugio,,,,,Y,97,,
5/22/2017,Sol Legare,Mussels,Palaemonetes pugio,,,,,Y,97,,
5/22/2017,Sol Legare,Mussels,Palaemonetes pugio,,,,,Y,97,,
5/22/2017,Sol Legare,Mussels,Palaemonetes pugio,,,,,Y,97,,
5/22/2017,Sol Legare,Mussels,Palaemonetes pugio,,,,,Y,97,,
5/22/2017,Sol Legare,Mussels,Palaemonetes pugio,,,,,Y,97,,
5/22/2017,Sol Legare,Mussels,Palaemonetes pugio,,,,,Y,97,,
5/22/2017,Sol Legare,Mussels,Palaemonetes pugio,,,,,Y,97,,
5/22/2017,Sol Legare,Mussels,Palaemonetes pugio,,,,,Y,97,,
5/22/2017,Sol Legare,Mussels,Palaemonetes pugio,,,,,Y,97,,
5/22/2017,Sol Legare,Mussels,Palaemonetes pugio,,,,,Y,97,,
5/22/2017,Sol Legare,Mussels,Palaemonetes pugio,,,,,Y,97,,
5/22/2017,Sol Legare,Mussels,Palaemonetes pugio,,,,,Y,97,,
5/22/2017,Sol Legare,Mussels,Palaemonetes pugio,,,,,Y,97,,
5/22/2017,Sol Legare,Mussels,Palaemonetes pugio,,,,,Y,97,,
5/22/2017,Sol Legare,Mussels,Palaemonetes pugio,,,,,Y,97,,
5/22/2017,Sol Legare,Mussels,Palaemonetes pugio,,,,,Y,97,,
5/22/2017,Sol Legare,Mussels,Palaemonetes pugio,,,,,Y,97,,
5/22/2017,Sol Legare,Mussels,Palaemonetes pugio,,,,,Y,97,,
5/22/2017,Sol Legare,Mussels,Palaemonetes pugio,,,,,Y,97,,
5/22/2017,Sol Legare,Mussels,Palaemonetes pugio,,,,,Y,97,,
5/22/2017,Sol Legare,Mussels,Palaemonetes pugio,,,,,Y,97,,
5/22/2017,Sol Legare,Mussels,Palaemonetes pugio,,,,,Y,97,,
5/22/2017,Sol Legare,Mussels,Palaemonetes pugio,,,,,Y,97,,
5/22/2017,Sol Legare,Mussels,Palaemonetes pugio,,,,,Y,97,,
5/22/2017,Sol Legare,Mussels,Palaemonetes pugio,,,,,Y,97,,
5/22/2017,Sol Legare,Mussels,Palaemonetes pugio,,,,,Y,97,,
5/22/2017,Sol Legare,Mussels,Palaemonetes pugio,,,,,Y,97,,
5/22/2017,Sol Legare,Mussels,Palaemonetes pugio,,,,,Y,97,,
5/22/2017,Sol Legare,Mussels,Palaemonetes pugio,,,,,Y,97,,
5/22/2017,Sol Legare,Mussels,Palaemonetes pugio,,,,,Y,97,,
5/22/2017,Sol Legare,Mussels,Palaemonetes pugio,,,,,Y,97,,
5/22/2017,Sol Legare,Mussels,Palaemonetes pugio,,,,,Y,97,,
5/22/2017,Sol Legare,Mussels,Palaemonetes pugio,,,,,Y,97,,
5/22/2017,Sol Legare,Mussels,Palaemonetes pugio,,,,,Y,97,,
5/22/2017,Sol Legare,Mussels,Palaemonetes pugio,,,,,Y,97,,
5/22/2017,Sol Legare,No_mussels,Fundulus heteroclitus,20,18,,,Y,98,,
5/22/2017,Sol Legare,No_mussels,Fundulus heteroclitus,30,,"Dropped, length estimated",,Y,98,,
5/22/2017,Sol Legare,No_mussels,Palaemonetes pugio,,,,,Y,98,,
5/22/2017,Sol Legare,No_mussels,Palaemonetes pugio,,,,,Y,98,,
5/22/2017,Sol Legare,No_mussels,Palaemonetes pugio,,,,,Y,98,,
5/22/2017,Sol Legare,No_mussels,Palaemonetes pugio,,,,,Y,98,,
5/22/2017,Sol Legare,No_mussels,Palaemonetes pugio,,,,,Y,98,,
5/22/2017,Sol Legare,No_mussels,Palaemonetes pugio,,,,,Y,98,,
5/22/2017,Sol Legare,No_mussels,Palaemonetes pugio,,,,,Y,98,,
5/22/2017,Sol Legare,No_mussels,Palaemonetes pugio,,,,,Y,98,,
5/22/2017,Sol Legare,No_mussels,Palaemonetes pugio,,,,,Y,98,,
5/22/2017,Sol Legare,No_mussels,Palaemonetes pugio,,,,,Y,98,,
5/22/2017,Sol Legare,No_mussels,Palaemonetes pugio,,,,,Y,98,,
5/22/2017,Sol Legare,No_mussels,Palaemonetes pugio,,,,,Y,98,,
5/22/2017,Sol Legare,No_mussels,Palaemonetes pugio,,,,,Y,98,,
5/22/2017,Sol Legare,No_mussels,Palaemonetes pugio,,,,,Y,98,,
5/22/2017,Sol Legare,No_mussels,Palaemonetes pugio,,,,,Y,98,,
5/22/2017,Sol Legare,No_mussels,Palaemonetes pugio,,,,,Y,98,,
5/22/2017,Sol Legare,No_mussels,Palaemonetes pugio,,,,,Y,98,,
5/22/2017,Sol Legare,No_mussels,Palaemonetes pugio,,,,,Y,98,,
5/22/2017,Sol Legare,No_mussels,Palaemonetes pugio,,,,,Y,98,,
5/22/2017,Sol Legare,No_mussels,Palaemonetes pugio,,,,,Y,98,,
5/22/2017,Sol Legare,No_mussels,Palaemonetes pugio,,,,,Y,98,,
5/22/2017,Sol Legare,No_mussels,Palaemonetes pugio,,,,,Y,98,,
5/22/2017,Sol Legare,No_mussels,Palaemonetes pugio,,,,,Y,98,,
5/22/2017,Sol Legare,No_mussels,Palaemonetes pugio,,,,,Y,98,,
5/22/2017,Sol Legare,No_mussels,Palaemonetes pugio,,,,,Y,98,,
5/22/2017,Sol Legare,No_mussels,Palaemonetes pugio,,,,,Y,98,,
5/22/2017,Sol Legare,No_mussels,Palaemonetes pugio,,,,,Y,98,,
5/22/2017,Sol Legare,No_mussels,Palaemonetes pugio,,,,,Y,98,,
5/22/2017,Sol Legare,No_mussels,Palaemonetes pugio,,,,,Y,98,,
5/22/2017,Sol Legare,No_mussels,Palaemonetes pugio,,,,,Y,98,,
6/28/2017,Sol Legare,Mussels,Litopenaeus setiferus,58,,,,X,99,,
6/28/2017,Sol Legare,Mussels,Callinectes sapidus,70,,,,X,99,,
6/28/2017,Sol Legare,Mussels,Fundulus heteroclitus,20,,"Dropped, length estimated",,X,99,,
6/28/2017,Sol Legare,Mussels,Litopenaeus setiferus,40,,,,X,99,,
6/28/2017,Sol Legare,Mussels,Litopenaeus setiferus,37,,,,X,99,,
6/28/2017,Sol Legare,Mussels,Fundulus heteroclitus,27,21,,,X,99,,
6/28/2017,Sol Legare,Mussels,Fundulus heteroclitus,35,30,,,X,99,,
6/28/2017,Sol Legare,Mussels,Litopenaeus setiferus,55,,,,X,99,,
6/28/2017,Sol Legare,Mussels,Litopenaeus setiferus,48,,,,X,99,,
6/28/2017,Sol Legare,Mussels,Litopenaeus setiferus,39,,,,X,99,,
6/28/2017,Sol Legare,Mussels,Litopenaeus setiferus,34,,,,X,99,,
6/28/2017,Sol Legare,Mussels,Fundulus heteroclitus,36,30,,,X,99,,
6/28/2017,Sol Legare,Mussels,Fundulus heteroclitus,34,28,,,X,99,,
6/28/2017,Sol Legare,Mussels,Fundulus heteroclitus,21,,,,X,99,,
6/28/2017,Sol Legare,Mussels,Fundulus heteroclitus,28,,,,X,99,,
6/28/2017,Sol Legare,Mussels,Fundulus heteroclitus,30,25,,,X,99,,
6/28/2017,Sol Legare,Mussels,Litopenaeus setiferus,42,,,,X,99,,
6/28/2017,Sol Legare,Mussels,Fundulus heteroclitus,38,31,,,X,99,,
6/28/2017,Sol Legare,Mussels,Fundulus heteroclitus,28,22,,,X,99,,
6/28/2017,Sol Legare,Mussels,Palaemonetes pugio,,,,,X,99,,
6/28/2017,Sol Legare,Mussels,Palaemonetes pugio,,,,,X,99,,
6/28/2017,Sol Legare,Mussels,Palaemonetes pugio,,,,,X,99,,
6/28/2017,Sol Legare,Mussels,Palaemonetes pugio,,,,,X,99,,
6/28/2017,Sol Legare,Mussels,Palaemonetes pugio,,,,,X,99,,
6/28/2017,Sol Legare,Mussels,Palaemonetes pugio,,,,,X,99,,
6/28/2017,Sol Legare,Mussels,Palaemonetes pugio,,,,,X,99,,
6/28/2017,Sol Legare,Mussels,Palaemonetes pugio,,,,,X,99,,
6/28/2017,Sol Legare,Mussels,Palaemonetes pugio,,,,,X,99,,
6/28/2017,Sol Legare,Mussels,Palaemonetes pugio,,,,,X,99,,
6/28/2017,Sol Legare,Mussels,Palaemonetes pugio,,,,,X,99,,
6/28/2017,Sol Legare,Mussels,Palaemonetes pugio,,,,,X,99,,
6/28/2017,Sol Legare,Mussels,Palaemonetes pugio,,,,,X,99,,
6/28/2017,Sol Legare,Mussels,Palaemonetes pugio,,,,,X,99,,
6/28/2017,Sol Legare,Mussels,Palaemonetes pugio,,,,,X,99,,
6/28/2017,Sol Legare,Mussels,Palaemonetes pugio,,,,,X,99,,
6/28/2017,Sol Legare,No_mussels,Litopenaeus setiferus,32,,,,X,100,,
6/28/2017,Sol Legare,No_mussels,Litopenaeus setiferus,42,,,,X,100,,
6/28/2017,Sol Legare,No_mussels,Litopenaeus setiferus,35,,,,X,100,,
6/28/2017,Sol Legare,No_mussels,Fundulus heteroclitus,37,32,,,X,100,,
6/28/2017,Sol Legare,No_mussels,Fundulus heteroclitus,30,,"Dropped, length estimated",,X,100,,
6/28/2017,Sol Legare,No_mussels,Fundulus heteroclitus,30,,"Dropped, length estimated",,X,100,,
6/28/2017,Sol Legare,No_mussels,Fundulus heteroclitus,25,20,,,X,100,,
6/28/2017,Sol Legare,No_mussels,Fundulus heteroclitus,40,,"Dropped, length estimated",,X,100,,
6/28/2017,Sol Legare,No_mussels,Litopenaeus setiferus,,,,,X,100,,
6/28/2017,Sol Legare,No_mussels,Fundulus heteroclitus,15,10,,,X,100,,
6/28/2017,Sol Legare,No_mussels,Palaemonetes pugio,,,,,X,100,,
6/28/2017,Sol Legare,No_mussels,Palaemonetes pugio,,,,,X,100,,
6/28/2017,Sol Legare,No_mussels,Palaemonetes pugio,,,,,X,100,,
6/28/2017,Sol Legare,No_mussels,Palaemonetes pugio,,,,,X,100,,
6/28/2017,Sol Legare,No_mussels,Palaemonetes pugio,,,,,X,100,,
6/28/2017,Sol Legare,No_mussels,Palaemonetes pugio,,,,,X,100,,
6/28/2017,Sol Legare,No_mussels,Palaemonetes pugio,,,,,X,100,,
6/28/2017,Sol Legare,No_mussels,Palaemonetes pugio,,,,,X,100,,
6/28/2017,Sol Legare,No_mussels,Palaemonetes pugio,,,,,X,100,,
6/28/2017,Sol Legare,No_mussels,Palaemonetes pugio,,,,,X,100,,
6/28/2017,Sol Legare,Mussels,Fundulus heteroclitus,46,38,,,Y,101,,
6/28/2017,Sol Legare,Mussels,Fundulus heteroclitus,36,29,,,Y,101,,
6/28/2017,Sol Legare,Mussels,Fundulus heteroclitus,36,,"Dropped, length estimated",,Y,101,,
6/28/2017,Sol Legare,Mussels,Fundulus heteroclitus,33,25,,,Y,101,,
6/28/2017,Sol Legare,Mussels,Fundulus heteroclitus,30,24,,,Y,101,,
6/28/2017,Sol Legare,Mussels,Fundulus heteroclitus,45,,"Dropped, length estimated",,Y,101,,
6/28/2017,Sol Legare,Mussels,Fundulus heteroclitus,36,32,,,Y,101,,
6/28/2017,Sol Legare,Mussels,Fundulus heteroclitus,38,34,,,Y,101,,
6/28/2017,Sol Legare,Mussels,Fundulus heteroclitus,33,28,,,Y,101,,
6/28/2017,Sol Legare,Mussels,Litopenaeus setiferus,50,,,,Y,101,,
6/28/2017,Sol Legare,Mussels,Litopenaeus setiferus,31,,,,Y,101,,
6/28/2017,Sol Legare,Mussels,Litopenaeus setiferus,52,,,,Y,101,,
6/28/2017,Sol Legare,Mussels,Fundulus heteroclitus,40,32,,,Y,101,,
6/28/2017,Sol Legare,Mussels,Fundulus heteroclitus,45,36,,,Y,101,,
6/28/2017,Sol Legare,Mussels,Palaemonetes pugio,,,,,Y,101,,
6/28/2017,Sol Legare,Mussels,Palaemonetes pugio,,,,,Y,101,,
6/28/2017,Sol Legare,Mussels,Palaemonetes pugio,,,,,Y,101,,
6/28/2017,Sol Legare,Mussels,Palaemonetes pugio,,,,,Y,101,,
6/28/2017,Sol Legare,Mussels,Palaemonetes pugio,,,,,Y,101,,
6/28/2017,Sol Legare,Mussels,Palaemonetes pugio,,,,,Y,101,,
6/28/2017,Sol Legare,Mussels,Palaemonetes pugio,,,,,Y,101,,
6/28/2017,Sol Legare,Mussels,Palaemonetes pugio,,,,,Y,101,,
6/28/2017,Sol Legare,Mussels,Palaemonetes pugio,,,,,Y,101,,
6/28/2017,Sol Legare,Mussels,Palaemonetes pugio,,,,,Y,101,,
6/28/2017,Sol Legare,Mussels,Palaemonetes pugio,,,,,Y,101,,
6/28/2017,Sol Legare,Mussels,Palaemonetes pugio,,,,,Y,101,,
6/28/2017,Sol Legare,Mussels,Palaemonetes pugio,,,,,Y,101,,
6/28/2017,Sol Legare,Mussels,Palaemonetes pugio,,,,,Y,101,,
6/28/2017,Sol Legare,Mussels,Palaemonetes pugio,,,,,Y,101,,
6/28/2017,Sol Legare,Mussels,Palaemonetes pugio,,,,,Y,101,,
6/28/2017,Sol Legare,Mussels,Palaemonetes pugio,,,,,Y,101,,
6/28/2017,Sol Legare,Mussels,Palaemonetes pugio,,,,,Y,101,,
6/28/2017,Sol Legare,Mussels,Palaemonetes pugio,,,,,Y,101,,
6/28/2017,Sol Legare,Mussels,Palaemonetes pugio,,,,,Y,101,,
6/28/2017,Sol Legare,No_mussels,Fundulus heteroclitus,34,29,,,Y,102,,
6/28/2017,Sol Legare,No_mussels,Litopenaeus setiferus,55,,,,Y,102,,
6/28/2017,Sol Legare,No_mussels,Litopenaeus setiferus,53,,,,Y,102,,
6/28/2017,Sol Legare,No_mussels,Fundulus heteroclitus,37,30,,,Y,102,,
6/28/2017,Sol Legare,No_mussels,Litopenaeus setiferus,60,,,,Y,102,,
6/28/2017,Sol Legare,No_mussels,Fundulus heteroclitus,25,20,,,Y,102,,
6/28/2017,Sol Legare,No_mussels,Litopenaeus setiferus,61,,,,Y,102,,
6/28/2017,Sol Legare,No_mussels,Litopenaeus setiferus,31,,,,Y,102,,
6/28/2017,Sol Legare,No_mussels,Palaemonetes pugio,,,,,Y,102,,
6/28/2017,Sol Legare,No_mussels,Palaemonetes pugio,,,,,Y,102,,
6/28/2017,Sol Legare,No_mussels,Palaemonetes pugio,,,,,Y,102,,
6/28/2017,Sol Legare,No_mussels,Palaemonetes pugio,,,,,Y,102,,
6/28/2017,Sol Legare,No_mussels,Palaemonetes pugio,,,,,Y,102,,
6/28/2017,Sol Legare,No_mussels,Palaemonetes pugio,,,,,Y,102,,
6/28/2017,Sol Legare,No_mussels,Palaemonetes pugio,,,,,Y,102,,
6/28/2017,Sol Legare,No_mussels,Palaemonetes pugio,,,,,Y,102,,
6/28/2017,Sol Legare,No_mussels,Palaemonetes pugio,,,,,Y,102,,
6/28/2017,Sol Legare,No_mussels,Palaemonetes pugio,,,,,Y,102,,
6/28/2017,Sol Legare,No_mussels,Palaemonetes pugio,,,,,Y,102,,
6/28/2017,Sol Legare,No_mussels,Palaemonetes pugio,,,,,Y,102,,
6/28/2017,Sol Legare,No_mussels,Palaemonetes pugio,,,,,Y,102,,
6/28/2017,Sol Legare,No_mussels,Palaemonetes pugio,,,,,Y,102,,
6/28/2017,Sol Legare,No_mussels,Palaemonetes pugio,,,,,Y,102,,
6/28/2017,Sol Legare,No_mussels,Palaemonetes pugio,,,,,Y,102,,
6/28/2017,Sol Legare,No_mussels,Palaemonetes pugio,,,,,Y,102,,
6/28/2017,Sol Legare,No_mussels,Palaemonetes pugio,,,,,Y,102,,
6/28/2017,Sol Legare,No_mussels,Palaemonetes pugio,,,,,Y,102,,
7/17/2017,Sol Legare,Mussels,Fundulus heteroclitus,46,39,,,X,103,,
7/17/2017,Sol Legare,Mussels,Fundulus heteroclitus,43,34,,,X,103,,
7/17/2017,Sol Legare,Mussels,Fundulus heteroclitus,40,32,,,X,103,,
7/17/2017,Sol Legare,Mussels,Fundulus heteroclitus,45,36,,,X,103,,
7/17/2017,Sol Legare,Mussels,Fundulus heteroclitus,37,32,,,X,103,,
7/17/2017,Sol Legare,Mussels,Fundulus heteroclitus,31,28,,,X,103,,
7/17/2017,Sol Legare,Mussels,Litopenaeus setiferus,45,,,,X,103,,
7/17/2017,Sol Legare,Mussels,Litopenaeus setiferus,35,,,,X,103,,
7/17/2017,Sol Legare,Mussels,Litopenaeus setiferus,58,,,,X,103,,
7/17/2017,Sol Legare,Mussels,Fundulus heteroclitus,35,,,,X,103,,
7/17/2017,Sol Legare,Mussels,Palaemonetes pugio,,,,,X,103,,
7/17/2017,Sol Legare,Mussels,Palaemonetes pugio,,,,,X,103,,
7/17/2017,Sol Legare,No_mussels,Callinectes sapidus,45,,,,X,104,,
7/17/2017,Sol Legare,No_mussels,Litopenaeus setiferus,51,,,,X,104,,
7/17/2017,Sol Legare,No_mussels,Litopenaeus setiferus,77,,,,X,104,,
7/17/2017,Sol Legare,No_mussels,Litopenaeus setiferus,53,,,,X,104,,
7/17/2017,Sol Legare,No_mussels,Fundulus heteroclitus,43,35,,,X,104,,
7/17/2017,Sol Legare,No_mussels,Fundulus heteroclitus,25,20,,,X,104,,
7/17/2017,Sol Legare,No_mussels,Litopenaeus setiferus,55,,,,X,104,,
7/17/2017,Sol Legare,No_mussels,Litopenaeus setiferus,55,,,,X,104,,
7/17/2017,Sol Legare,No_mussels,Litopenaeus setiferus,52,,,,X,104,,
7/17/2017,Sol Legare,No_mussels,Bairdiella chrysoura,65,53,,,X,104,,
7/17/2017,Sol Legare,No_mussels,Palaemonetes pugio,,,,,X,104,,
7/17/2017,Sol Legare,Mussels,Fundulus heteroclitus,36,33,,,Y,105,,
7/17/2017,Sol Legare,Mussels,Fundulus heteroclitus,29,25,,,Y,105,,
7/17/2017,Sol Legare,Mussels,Fundulus heteroclitus,37,31,,,Y,105,,
7/17/2017,Sol Legare,Mussels,Fundulus heteroclitus,33,27,,,Y,105,,
7/17/2017,Sol Legare,Mussels,Fundulus heteroclitus,27,30,,,Y,105,,
7/17/2017,Sol Legare,Mussels,Litopenaeus setiferus,50,,,,Y,105,,
7/17/2017,Sol Legare,No_mussels,Litopenaeus setiferus,57,,,,Y,106,,
7/17/2017,Sol Legare,No_mussels,Fundulus heteroclitus,31,28,,,Y,106,,
7/17/2017,Sol Legare,No_mussels,Litopenaeus setiferus,63,,,,Y,106,,
7/17/2017,Sol Legare,No_mussels,Litopenaeus setiferus,54,,,,Y,106,,
7/17/2017,Sol Legare,No_mussels,Palaemonetes pugio,,,,,Y,106,,
8/11/2017,Sol Legare,Mussels,Fundulus heteroclitus,42,35,,,X,107,,
8/11/2017,Sol Legare,Mussels,Fundulus heteroclitus,37,30,,,X,107,,
8/11/2017,Sol Legare,Mussels,Litopenaeus setiferus,56,,,,X,107,,
8/11/2017,Sol Legare,Mussels,Anochoa mitchilli,35,30,,,X,107,,
8/11/2017,Sol Legare,Mussels,Fundulus heteroclitus,27,23,,,X,107,,
8/11/2017,Sol Legare,Mussels,Fundulus heteroclitus,35,,,,X,107,,
8/11/2017,Sol Legare,Mussels,Fundulus heteroclitus,30,24,,,X,107,,
8/11/2017,Sol Legare,Mussels,Callinectes sapidus,80,,,,X,107,,
8/11/2017,Sol Legare,Mussels,Litopenaeus setiferus,58,,,,X,107,,
8/11/2017,Sol Legare,Mussels,Palaemonetes pugio,,,,,X,107,,
8/11/2017,Sol Legare,Mussels,Palaemonetes pugio,,,,,X,107,,
8/11/2017,Sol Legare,Mussels,Palaemonetes pugio,,,,,X,107,,
8/11/2017,Sol Legare,Mussels,Palaemonetes pugio,,,,,X,107,,
8/11/2017,Sol Legare,No_mussels,Bairdiella chrysoura,74,58,,,X,108,,
8/11/2017,Sol Legare,No_mussels,Litopenaeus setiferus,60,,,,X,108,,
8/11/2017,Sol Legare,No_mussels,Litopenaeus setiferus,45,,,,X,108,,
8/11/2017,Sol Legare,No_mussels,Fundulus heteroclitus,29,24,,,X,108,,
8/11/2017,Sol Legare,No_mussels,Fundulus heteroclitus,38,33,,,X,108,,
8/11/2017,Sol Legare,No_mussels,Palaemonetes pugio,,,,,X,108,,
8/11/2017,Sol Legare,No_mussels,Palaemonetes pugio,,,,,X,108,,
8/11/2017,Sol Legare,No_mussels,Palaemonetes pugio,,,,,X,108,,
8/11/2017,Sol Legare,No_mussels,Palaemonetes pugio,,,,,X,108,,
8/11/2017,Sol Legare,Mussels,Fundulus heteroclitus,23,19,,,Y,109,,
8/11/2017,Sol Legare,Mussels,Palaemonetes pugio,,,,,Y,109,,
8/11/2017,Sol Legare,Mussels,Fundulus heteroclitus,35,,,,Y,109,,
8/11/2017,Sol Legare,No_mussels,Fundulus heteroclitus,32,27,,,Y,110,,
8/11/2017,Sol Legare,No_mussels,Fundulus heteroclitus,35,29,,,Y,110,,
8/11/2017,Sol Legare,No_mussels,Palaemonetes pugio,,,,,Y,110,,
